fips,Adult smoking percentage,Adult obesity percentage,Excessive drinking percentage
1001,18,33,15
1003,17,31,18
1005,22,42,13
1007,19,38,16
1009,19,34,14
1011,23,37,12
1013,22,43,12
1015,21,39,14
1017,19,40,13
1019,17,35,14
1021,20,38,15
1023,19,41,12
1025,21,34,12
1027,20,41,13
1029,18,37,14
1031,17,34,15
1033,19,31,15
1035,21,43,12
1037,20,40,13
1039,19,32,14
1041,19,38,15
1043,18,37,15
1045,20,37,15
1047,24,43,11
1049,21,29,12
1051,17,34,16
1053,22,39,13
1055,20,36,14
1057,18,41,14
1059,19,34,13
1061,20,39,14
1063,25,36,10
1065,22,40,11
1067,18,36,14
1069,19,38,14
1071,20,39,13
1073,18,35,15
1075,20,36,13
1077,17,33,14
1079,20,33,14
1081,18,30,16
1083,18,34,15
1085,23,47,10
1087,21,50,11
1089,17,33,16
1091,21,42,12
1093,19,37,14
1095,21,34,14
1097,19,36,15
1099,23,42,11
1101,20,38,14
1103,19,32,14
1105,26,43,10
1107,21,35,12
1109,21,36,15
1111,19,37,14
1113,22,45,13
1115,18,37,15
1117,16,35,17
1119,22,43,11
1121,23,39,14
1123,18,36,13
1125,18,35,16
1127,23,40,14
1129,21,33,14
1131,22,48,11
1133,20,38,14
2013,17,51,17
2016,15,44,19
2020,15,32,21
2050,30,31,22
2060,18,42,21
2068,18,25,23
2070,27,36,22
2090,16,30,23
2100,16,27,21
2105,20,32,18
2110,17,27,24
2122,17,33,21
2130,17,38,20
2150,15,34,22
2158,41,23,17
2164,28,38,21
2170,18,34,21
2180,32,40,22
2185,24,40,22
2188,31,42,21
2195,15,25,21
2198,22,45,20
2220,16,27,21
2230,16,33,23
2240,20,33,20
2261,17,35,25
2275,17,43,18
2282,20,32,20
2290,30,31,22
4001,22,34,13
4003,15,30,15
4005,16,24,17
4007,18,31,16
4009,18,35,17
4011,14,29,18
4012,16,30,13
4013,14,27,18
4015,19,32,16
4017,21,34,14
4019,15,25,17
4021,16,33,16
4023,15,27,14
4025,17,23,17
4027,13,37,18
5001,20,31,14
5003,20,43,13
5005,16,34,13
5007,17,29,18
5009,20,34,14
5011,22,46,13
5013,21,29,13
5015,18,28,13
5017,23,39,11
5019,19,27,15
5021,20,43,14
5023,17,37,14
5025,19,36,15
5027,20,36,14
5029,19,37,14
5031,21,38,15
5033,19,35,14
5035,23,41,13
5037,20,39,13
5039,19,39,12
5041,24,38,11
5043,21,41,14
5045,21,35,18
5047,21,34,14
5049,20,28,12
5051,19,30,14
5053,18,36,16
5055,20,36,16
5057,22,29,12
5059,20,36,16
5061,22,45,13
5063,20,29,15
5065,20,35,14
5067,22,43,14
5069,21,41,13
5071,21,40,14
5073,20,46,12
5075,19,32,15
5077,25,39,13
5079,22,33,15
5081,21,38,13
5083,20,33,14
5085,19,43,16
5087,21,35,15
5089,20,29,13
5091,21,34,14
5093,24,41,13
5095,22,39,11
5097,18,29,13
5099,21,36,12
5101,19,32,13
5103,23,38,12
5105,19,33,15
5107,24,43,10
5109,20,34,14
5111,22,42,14
5113,20,34,13
5115,19,34,16
5117,19,44,14
5119,18,33,15
5121,20,35,14
5123,24,43,13
5125,16,30,17
5127,20,38,14
5129,20,32,13
5131,22,31,15
5133,20,33,13
5135,21,38,12
5137,20,39,13
5139,20,35,13
5141,19,37,13
5143,19,30,17
5145,19,31,15
5147,21,42,12
5149,21,38,14
6001,10,19,20
6003,14,23,20
6005,11,30,21
6007,14,27,20
6009,11,31,20
6011,12,41,20
6013,10,24,20
6015,15,34,20
6017,11,23,22
6019,13,31,17
6021,13,32,20
6023,14,29,21
6025,13,35,17
6027,12,28,20
6029,15,32,18
6031,14,29,21
6033,14,25,19
6035,14,41,24
6037,11,22,19
6039,13,36,20
6041,10,17,20
6043,12,24,19
6045,13,32,19
6047,14,28,19
6049,14,28,18
6051,12,25,23
6053,12,28,19
6055,10,24,20
6057,12,22,21
6059,9,19,20
6061,10,21,20
6063,11,27,19
6065,12,27,20
6067,12,29,20
6069,11,32,21
6071,13,29,19
6073,11,20,22
6075,10,18,23
6077,12,33,20
6079,11,26,20
6081,9,21,19
6083,11,25,21
6085,8,19,17
6087,11,19,23
6089,14,24,19
6091,12,25,18
6093,14,32,18
6095,12,30,20
6097,10,22,22
6099,13,31,21
6101,12,32,19
6103,14,28,19
6105,15,34,18
6107,14,37,18
6109,11,33,21
6111,11,21,19
6113,11,24,21
6115,14,34,21
8001,16,28,19
8003,17,24,17
8005,13,22,18
8007,13,24,16
8009,15,31,16
8011,18,30,18
8013,11,15,20
8014,12,20,20
8015,13,16,19
8017,14,24,18
8019,12,22,20
8021,16,26,15
8023,17,28,12
8025,19,31,20
8027,14,28,15
8029,15,27,15
8031,15,17,27
8033,15,21,16
8035,11,20,21
8037,13,13,22
8039,13,28,19
8041,14,22,17
8043,16,27,18
8045,14,23,21
8047,13,27,20
8049,14,18,19
8051,15,17,22
8053,13,24,16
8055,13,27,14
8057,14,28,17
8059,12,21,22
8061,14,30,17
8063,14,31,18
8065,15,25,20
8067,15,18,20
8069,13,20,22
8071,15,29,15
8073,15,30,20
8075,16,38,19
8077,16,24,20
8079,13,21,16
8081,15,26,18
8083,16,28,17
8085,15,21,15
8087,14,35,19
8089,16,35,15
8091,13,22,17
8093,13,23,19
8095,12,31,17
8097,12,14,20
8099,15,34,17
8101,16,29,16
8103,14,26,20
8105,14,28,16
8107,14,16,23
8109,18,29,14
8111,16,25,17
8113,14,19,20
8115,14,27,16
8117,14,16,22
8119,12,21,18
8121,14,32,18
8123,14,29,18
8125,14,28,17
9001,10,21,19
9003,11,26,16
9005,12,28,18
9007,11,26,19
9009,13,28,19
9011,12,30,18
9013,11,25,19
9015,14,30,17
10001,17,35,17
10003,15,29,19
10005,16,33,16
11001,16,24,27
12001,16,27,19
12003,23,38,19
12005,23,29,18
12007,23,37,19
12009,17,30,19
12011,15,25,18
12013,22,36,17
12015,16,28,16
12017,20,29,15
12019,20,32,21
12021,14,21,18
12023,23,36,17
12027,21,32,17
12029,25,34,19
12031,20,31,19
12033,20,29,20
12035,17,26,17
12037,20,36,22
12039,20,43,15
12041,21,38,19
12043,20,36,17
12045,20,33,19
12047,22,41,15
12049,19,39,16
12051,20,35,15
12053,19,32,16
12055,19,31,15
12057,17,24,19
12059,21,33,16
12061,15,26,19
12063,23,37,16
12065,20,34,17
12067,22,33,18
12069,17,30,17
12071,14,26,17
12073,17,31,19
12075,24,32,17
12077,24,39,17
12079,21,35,14
12081,15,27,19
12083,19,30,17
12085,14,19,18
12086,16,22,16
12087,17,22,21
12089,19,28,21
12091,18,27,19
12093,21,33,17
12095,16,25,17
12097,18,30,16
12099,16,21,15
12101,19,32,18
12103,16,25,21
12105,19,37,17
12107,24,39,16
12109,15,23,22
12111,18,30,16
12113,19,30,19
12115,15,21,18
12117,16,27,18
12119,12,29,13
12121,23,38,16
12123,24,35,18
12125,23,37,17
12127,18,30,16
12129,19,40,20
12131,21,32,17
12133,23,38,16
13001,20,39,14
13003,22,35,14
13005,19,37,15
13007,17,35,13
13009,20,37,14
13011,18,34,16
13013,17,38,17
13015,19,31,18
13017,21,40,13
13019,20,39,16
13021,19,37,13
13023,18,43,15
13025,20,33,15
13027,19,33,13
13029,17,35,18
13031,19,30,17
13033,21,35,13
13035,19,34,15
13037,24,27,13
13039,17,39,18
13043,22,50,13
13045,18,40,16
13047,15,39,17
13049,19,35,16
13051,17,32,17
13053,18,35,23
13055,19,30,15
13057,15,27,19
13059,20,24,16
13061,24,36,9
13063,19,37,13
13065,24,52,13
13067,13,29,17
13069,20,35,15
13071,21,38,14
13073,14,32,18
13075,20,30,14
13077,16,29,17
13079,18,46,15
13081,21,38,12
13083,16,41,17
13085,15,28,17
13087,19,27,14
13089,16,26,16
13091,19,34,15
13093,20,38,13
13095,22,37,12
13097,17,31,15
13099,21,44,12
13101,19,28,16
13103,16,40,17
13105,18,40,14
13107,21,28,14
13109,19,31,14
13111,16,26,14
13113,13,29,16
13115,17,38,15
13117,13,27,18
13119,18,33,15
13121,15,25,20
13123,16,24,15
13125,17,26,16
13127,16,33,14
13129,18,30,17
13131,19,34,14
13133,17,33,12
13135,14,30,15
13137,16,26,16
13139,16,33,16
13141,22,32,12
13143,18,23,16
13145,14,36,17
13147,18,33,14
13149,18,38,16
13151,16,36,14
13153,17,40,15
13155,20,40,15
13157,16,30,18
13159,19,38,15
13161,19,31,15
13163,20,29,13
13165,22,35,14
13167,18,42,15
13169,16,35,16
13171,18,32,15
13173,20,38,16
13175,20,42,13
13177,16,44,17
13179,19,38,17
13181,17,24,14
13183,20,34,17
13185,20,38,15
13187,17,35,17
13189,19,24,14
13191,17,30,14
13193,22,32,13
13195,17,34,16
13197,19,33,13
13199,18,33,13
13201,18,24,14
13205,20,35,13
13207,16,36,16
13209,17,40,16
13211,15,35,16
13213,18,34,17
13215,20,39,15
13217,17,39,15
13219,14,24,18
13221,17,35,16
13223,16,34,20
13225,18,37,14
13227,15,29,17
13229,18,36,16
13231,15,34,18
13233,18,38,16
13235,18,42,13
13237,16,34,15
13239,18,29,11
13241,17,32,14
13243,21,36,11
13245,20,36,14
13247,18,42,14
13249,18,27,15
13251,20,30,13
13253,18,31,13
13255,19,39,14
13257,17,37,16
13259,24,32,14
13261,21,37,13
13263,18,37,12
13265,21,36,11
13267,20,43,15
13269,22,39,13
13271,21,25,14
13273,21,33,12
13275,18,33,14
13277,19,36,15
13279,19,48,14
13281,14,26,15
13283,18,36,15
13285,18,40,15
13287,19,39,14
13289,20,36,13
13291,14,27,15
13293,18,27,14
13295,17,37,15
13297,17,28,16
13299,19,36,15
13301,20,58,11
13303,20,36,14
13305,19,41,15
13307,17,26,13
13309,24,32,15
13311,16,29,17
13313,18,35,15
13315,20,41,15
13317,19,30,13
13319,18,35,13
13321,18,51,14
15001,14,26,19
15003,11,23,20
15005,12,18,16
15007,13,22,22
15009,12,24,21
16001,12,26,18
16003,14,31,14
16005,14,32,16
16007,13,26,15
16009,15,32,15
16011,14,31,14
16013,13,15,17
16015,13,31,15
16017,14,26,15
16019,14,29,15
16021,15,29,14
16023,13,29,15
16025,15,25,14
16027,14,35,15
16029,13,30,16
16031,14,38,16
16033,17,28,13
16035,13,32,16
16037,14,28,15
16039,16,35,17
16041,13,34,16
16043,14,30,16
16045,14,38,14
16047,15,34,16
16049,14,32,15
16051,13,32,16
16053,15,32,15
16055,14,26,20
16057,14,24,21
16059,15,24,13
16061,15,28,14
16063,15,29,16
16065,15,27,16
16067,14,34,15
16069,15,31,20
16071,13,29,16
16073,16,39,14
16075,15,35,15
16077,15,36,16
16079,15,35,16
16081,13,21,19
16083,14,33,14
16085,12,28,17
16087,15,35,14
17001,15,37,20
17003,22,26,15
17005,17,26,20
17007,15,33,20
17009,17,23,23
17011,15,27,20
17013,15,36,20
17015,14,25,19
17017,16,35,20
17019,16,31,21
17021,16,29,20
17023,16,37,20
17025,16,24,20
17027,15,39,23
17029,19,37,20
17031,14,28,22
17033,16,28,21
17035,16,33,20
17037,16,32,23
17039,15,28,20
17041,16,31,20
17043,12,27,20
17045,15,31,19
17047,15,30,20
17049,15,27,23
17051,17,24,20
17053,16,25,20
17055,18,27,19
17057,17,29,19
17059,17,23,18
17061,17,28,20
17063,15,35,22
17065,16,25,19
17067,15,31,19
17069,18,25,18
17071,14,27,19
17073,15,37,20
17075,16,29,18
17077,19,24,19
17079,15,25,20
17081,17,33,19
17083,15,34,21
17085,13,29,19
17087,17,25,20
17089,13,29,21
17091,16,41,20
17093,14,31,23
17095,18,29,18
17097,14,25,20
17099,16,28,21
17101,18,23,21
17103,16,37,20
17105,16,34,20
17107,15,36,21
17109,17,35,21
17111,14,33,22
17113,15,34,22
17115,16,32,18
17117,16,28,20
17119,16,37,21
17121,17,30,19
17123,14,27,20
17125,16,30,19
17127,16,33,18
17129,15,30,21
17131,15,33,20
17133,13,36,22
17135,16,31,20
17137,16,32,20
17139,16,25,20
17141,15,37,20
17143,17,36,19
17145,16,32,21
17147,13,25,21
17149,17,30,19
17151,15,27,19
17153,19,35,16
17155,14,26,20
17157,17,27,20
17159,17,28,19
17161,17,34,20
17163,18,37,20
17165,19,27,18
17167,17,31,20
17169,16,26,19
17171,16,28,19
17173,16,32,19
17175,16,26,19
17177,16,34,18
17179,15,33,21
17181,17,37,19
17183,18,41,19
17185,16,35,20
17187,15,26,20
17189,15,28,21
17191,16,31,19
17193,16,29,19
17195,15,34,20
17197,13,32,21
17199,16,27,20
17201,17,33,20
17203,14,27,22
18001,20,35,16
18003,20,32,18
18005,19,32,17
18007,21,33,16
18009,20,34,16
18011,16,28,18
18013,19,31,17
18015,18,37,17
18017,21,32,16
18019,22,37,18
18021,20,36,17
18023,20,38,16
18025,23,30,15
18027,20,37,17
18029,20,34,18
18031,18,34,18
18033,20,30,18
18035,21,34,15
18037,17,30,19
18039,20,34,17
18041,23,37,15
18043,22,35,18
18045,21,32,17
18047,19,37,17
18049,20,38,16
18051,19,29,17
18053,22,37,15
18055,21,38,17
18057,13,26,20
18059,17,38,18
18061,20,38,17
18063,16,32,19
18065,21,30,16
18067,21,35,14
18069,19,37,18
18071,22,31,16
18073,19,36,17
18075,22,35,16
18077,23,35,18
18079,22,40,17
18081,18,31,19
18083,20,34,17
18085,19,34,18
18087,19,37,18
18089,19,36,17
18091,23,37,19
18093,19,32,17
18095,22,39,16
18097,19,33,18
18099,21,41,17
18101,20,43,17
18103,24,37,17
18105,20,25,19
18107,20,25,18
18109,19,36,17
18111,21,31,16
18113,19,38,17
18115,17,36,18
18117,21,36,17
18119,20,32,17
18121,22,30,16
18123,21,36,16
18125,20,38,17
18127,19,34,19
18129,19,31,18
18131,19,31,17
18133,19,31,18
18135,21,36,15
18137,18,32,18
18139,21,30,16
18141,19,33,20
18143,21,33,17
18145,21,37,16
18147,18,35,18
18149,23,33,17
18151,19,30,18
18153,21,31,17
18155,24,34,16
18157,19,33,20
18159,19,35,17
18161,20,25,16
18163,21,34,19
18165,19,41,17
18167,22,35,18
18169,20,35,16
18171,19,34,18
18173,18,35,18
18175,21,41,16
18177,21,38,15
18179,19,34,16
18181,18,29,17
18183,19,37,17
19001,16,32,20
19003,16,30,20
19005,16,35,19
19007,17,37,18
19009,16,30,19
19011,15,36,22
19013,18,31,24
19015,16,36,21
19017,14,33,22
19019,16,33,21
19021,15,34,19
19023,15,33,21
19025,17,36,20
19027,15,34,21
19029,17,34,18
19031,14,35,22
19033,16,30,22
19035,17,35,19
19037,16,30,21
19039,17,37,20
19041,16,35,21
19043,15,36,20
19045,17,33,20
19047,17,33,18
19049,13,29,23
19051,17,26,19
19053,18,40,19
19055,16,33,22
19057,19,37,19
19059,15,28,20
19061,16,34,24
19063,18,40,19
19065,16,34,21
19067,16,41,19
19069,17,45,19
19071,16,33,19
19073,15,41,20
19075,14,31,21
19077,15,34,21
19079,15,33,20
19081,14,34,21
19083,15,42,19
19085,16,40,20
19087,17,35,20
19089,16,32,20
19091,16,30,20
19093,16,30,20
19095,15,32,21
19097,15,31,20
19099,15,36,21
19101,15,28,19
19103,15,26,25
19105,15,38,22
19107,15,37,21
19109,15,36,20
19111,18,40,21
19113,16,34,21
19115,16,37,20
19117,15,32,20
19119,14,39,21
19121,15,37,22
19123,17,33,20
19125,15,34,21
19127,15,35,20
19129,14,33,21
19131,15,32,21
19133,17,38,18
19135,18,34,20
19137,17,26,19
19139,15,37,22
19141,15,29,21
19143,16,32,19
19145,17,44,19
19147,14,32,20
19149,15,32,21
19151,16,38,19
19153,15,32,21
19155,17,41,22
19157,15,31,21
19159,15,33,19
19161,15,31,21
19163,17,33,21
19165,15,35,19
19167,14,29,23
19169,15,26,23
19171,17,35,20
19173,16,32,19
19175,16,41,20
19177,16,33,20
19179,20,32,19
19181,14,34,22
19183,15,34,20
19185,17,39,18
19187,17,38,20
19189,15,40,21
19191,14,33,24
19193,19,35,19
19195,15,33,21
19197,16,37,18
20001,19,38,16
20003,17,35,16
20005,17,43,18
20007,17,28,16
20009,17,39,17
20011,19,35,15
20013,17,37,17
20015,16,35,19
20017,15,35,16
20019,17,32,15
20021,19,42,16
20023,16,32,15
20025,16,32,16
20027,14,29,16
20029,18,40,17
20031,15,38,17
20033,14,27,16
20035,16,39,16
20037,19,34,19
20039,16,32,15
20041,18,36,17
20043,16,38,17
20045,17,28,24
20047,15,38,16
20049,16,33,14
20051,16,30,20
20053,15,37,19
20055,17,36,16
20057,17,31,16
20059,18,33,18
20061,22,39,19
20063,14,29,16
20065,15,30,15
20067,15,32,17
20069,15,31,19
20071,16,28,16
20073,17,36,16
20075,17,39,17
20077,17,36,16
20079,15,31,16
20081,16,34,16
20083,14,35,17
20085,16,38,19
20087,16,35,18
20089,17,29,14
20091,11,27,21
20093,16,35,17
20095,14,32,17
20097,15,30,17
20099,19,37,15
20101,15,31,16
20103,18,37,18
20105,15,33,15
20107,18,40,16
20109,14,32,17
20111,18,39,17
20113,14,31,18
20115,15,40,14
20117,15,35,18
20119,16,35,17
20121,15,35,18
20123,16,30,18
20125,19,41,16
20127,15,39,16
20129,15,29,17
20131,15,34,19
20133,20,38,18
20135,15,33,15
20137,17,30,18
20139,17,39,16
20141,16,29,17
20143,17,33,17
20145,16,37,18
20147,16,34,16
20149,15,32,19
20151,16,33,17
20153,14,28,15
20155,16,36,16
20157,15,35,15
20159,17,37,16
20161,15,25,22
20163,16,35,16
20165,15,38,16
20167,16,33,15
20169,18,35,17
20171,15,39,17
20173,17,34,16
20175,18,36,15
20177,18,37,17
20179,15,24,17
20181,16,40,17
20183,16,37,15
20185,16,32,15
20187,16,38,17
20189,16,38,17
20191,17,42,18
20193,16,33,18
20195,14,36,17
20197,14,33,17
20199,15,26,16
20201,14,33,19
20203,14,36,16
20205,18,40,15
20207,18,38,15
20209,21,40,18
21001,23,41,16
21003,22,38,16
21005,19,37,17
21007,20,36,15
21009,22,34,15
21011,23,42,15
21013,28,37,13
21015,18,36,20
21017,20,30,15
21019,22,41,15
21021,20,29,16
21023,21,32,16
21025,27,38,13
21027,22,25,15
21029,20,35,18
21031,23,31,15
21033,20,34,15
21035,19,33,18
21037,19,32,20
21039,22,27,15
21041,22,29,16
21043,23,40,15
21045,26,35,15
21047,23,34,18
21049,19,36,16
21051,29,36,14
21053,23,35,14
21055,22,31,16
21057,21,37,14
21059,17,31,16
21061,22,36,16
21063,27,40,14
21065,25,40,14
21067,20,27,21
21069,22,34,17
21071,25,41,13
21073,19,37,18
21075,25,40,13
21077,21,30,17
21079,20,39,16
21081,23,34,16
21083,22,35,15
21085,24,37,15
21087,21,35,14
21089,20,40,15
21091,21,31,17
21093,21,38,17
21095,27,32,13
21097,20,36,16
21099,23,31,14
21101,21,36,17
21103,21,29,16
21105,22,30,13
21107,20,36,14
21109,27,44,14
21111,20,32,20
21113,20,34,17
21115,22,44,14
21117,21,33,24
21119,25,41,13
21121,28,39,13
21123,21,36,15
21125,21,39,15
21127,23,40,15
21129,27,40,14
21131,26,41,14
21133,26,39,14
21135,25,43,15
21137,23,38,15
21139,20,32,15
21141,22,38,17
21143,19,27,16
21145,21,30,19
21147,32,40,13
21149,21,38,15
21151,19,35,18
21153,25,37,14
21155,23,37,15
21157,19,38,16
21159,25,41,15
21161,22,34,15
21163,21,37,18
21165,21,33,15
21167,21,27,16
21169,24,34,14
21171,23,37,15
21173,23,33,15
21175,25,38,15
21177,22,36,15
21179,19,35,18
21181,24,33,15
21183,23,36,16
21185,16,22,19
21187,21,36,16
21189,26,46,14
21191,20,33,18
21193,25,41,14
21195,23,39,13
21197,24,33,16
21199,24,37,15
21201,23,27,14
21203,24,34,16
21205,24,38,18
21207,23,32,14
21209,18,34,19
21211,19,31,17
21213,21,38,16
21215,18,37,18
21217,22,36,15
21219,22,36,16
21221,20,33,16
21223,21,37,17
21225,22,31,16
21227,20,30,19
21229,20,35,16
21231,24,40,14
21233,23,36,15
21235,24,33,15
21237,29,36,13
21239,18,32,17
22001,22,38,20
22003,22,37,21
22005,18,33,24
22007,21,42,19
22009,23,45,19
22011,21,36,20
22013,22,45,16
22015,19,31,20
22017,22,40,17
22019,20,35,19
22021,23,40,19
22023,19,35,21
22025,23,37,18
22027,26,38,17
22029,25,35,16
22031,22,38,17
22033,18,32,22
22035,32,40,14
22037,21,35,18
22039,24,39,19
22041,24,38,17
22043,23,47,20
22045,21,41,19
22047,21,38,18
22049,22,34,18
22051,19,33,20
22053,21,41,19
22055,18,31,20
22057,19,40,21
22059,23,34,20
22061,21,36,19
22063,22,37,21
22065,28,41,15
22067,23,43,16
22069,24,36,18
22071,23,30,23
22073,21,40,18
22075,20,38,20
22077,20,31,18
22079,22,40,17
22081,22,31,17
22083,23,36,17
22085,21,46,19
22087,23,43,20
22089,19,37,21
22091,24,32,16
22093,19,38,19
22095,21,43,18
22097,24,34,18
22099,22,37,20
22101,22,38,18
22103,18,30,21
22105,22,39,20
22107,28,31,12
22109,22,42,20
22111,19,38,17
22113,20,39,20
22115,20,35,22
22117,23,43,16
22119,23,33,16
22121,20,38,20
22123,21,47,19
22125,22,22,20
22127,23,37,17
23001,16,34,20
23003,19,36,15
23005,11,23,23
23007,16,34,20
23009,14,25,21
23011,16,34,19
23013,14,27,21
23015,15,25,18
23017,18,33,19
23019,17,34,20
23021,19,37,18
23023,14,25,21
23025,19,34,18
23027,18,31,19
23029,18,33,19
23031,14,30,21
24001,16,37,16
24003,14,29,19
24005,13,31,17
24009,14,32,18
24011,19,40,16
24013,13,33,17
24015,17,33,18
24017,14,36,16
24019,18,39,15
24021,12,29,18
24023,15,37,16
24025,15,32,18
24027,9,25,16
24029,13,30,16
24031,8,21,16
24033,12,37,14
24035,12,29,18
24037,15,36,19
24039,20,44,15
24041,13,28,17
24043,15,36,16
24045,15,36,17
24047,14,35,15
24510,20,35,19
25001,12,21,20
25003,14,26,19
25005,15,29,21
25007,12,27,21
25009,12,25,21
25011,14,29,20
25013,15,31,20
25015,13,20,24
25017,10,22,23
25019,14,25,22
25021,12,23,21
25023,15,28,22
25025,14,21,24
25027,14,27,23
26001,16,35,16
26003,18,26,19
26005,16,34,19
26007,17,34,19
26009,16,32,18
26011,18,36,18
26013,19,36,19
26015,16,37,20
26017,18,36,20
26019,16,37,19
26021,17,33,16
26023,18,38,19
26025,19,34,18
26027,16,40,19
26029,15,35,19
26031,18,30,18
26033,22,41,21
26035,20,37,17
26037,15,34,23
26039,18,32,18
26041,17,36,18
26043,18,24,19
26045,17,37,20
26047,17,27,20
26049,19,35,18
26051,18,43,17
26053,19,31,18
26055,17,31,20
26057,20,38,19
26059,19,39,19
26061,19,31,22
26063,16,34,19
26065,18,32,22
26067,18,35,22
26069,17,31,17
26071,17,28,17
26073,20,33,22
26075,19,36,18
26077,18,31,22
26079,19,34,19
26081,15,30,22
26083,16,29,16
26085,20,27,16
26087,16,34,20
26089,14,28,19
26091,17,40,20
26093,14,28,20
26095,20,31,19
26097,19,35,17
26099,19,32,22
26101,16,30,18
26103,17,36,22
26105,18,28,18
26107,19,34,21
26109,17,31,20
26111,15,38,21
26113,18,37,19
26115,17,38,20
26117,20,36,20
26119,17,36,17
26121,20,36,20
26123,19,35,19
26125,12,25,20
26127,18,31,19
26129,19,39,18
26131,17,30,16
26133,19,40,18
26135,17,39,17
26137,18,27,20
26139,14,27,22
26141,16,33,16
26143,17,34,16
26145,18,37,19
26147,18,34,20
26149,18,34,21
26151,18,33,18
26153,19,29,17
26155,18,38,20
26157,18,31,19
26159,18,34,19
26161,12,25,21
26163,21,35,17
26165,19,36,20
27001,15,30,19
27003,15,30,21
27005,17,30,21
27007,19,34,24
27009,17,30,23
27011,15,35,19
27013,16,33,25
27015,13,33,21
27017,20,30,22
27019,12,24,24
27021,16,31,17
27023,15,34,20
27025,15,29,25
27027,15,28,25
27029,19,31,19
27031,15,22,21
27033,14,35,18
27035,17,30,20
27037,14,29,21
27039,14,37,22
27041,13,33,20
27043,14,33,19
27045,15,29,20
27047,15,36,19
27049,15,32,22
27051,15,33,19
27053,12,23,24
27055,14,29,21
27057,14,34,18
27059,15,34,21
27061,16,33,19
27063,14,29,20
27065,18,33,22
27067,15,28,19
27069,15,30,19
27071,16,29,19
27073,13,35,19
27075,14,28,20
27077,15,29,20
27079,14,35,22
27081,14,28,20
27083,15,31,21
27085,14,35,20
27087,25,39,18
27089,14,38,20
27091,14,32,18
27093,14,33,23
27095,18,31,20
27097,15,32,21
27099,15,32,20
27101,14,32,20
27103,14,28,23
27105,14,33,18
27107,15,36,21
27109,12,27,19
27111,13,31,20
27113,14,27,21
27115,20,35,20
27117,15,32,19
27119,15,39,22
27121,14,31,20
27123,14,26,21
27125,15,37,21
27127,15,35,20
27129,14,34,21
27131,15,26,24
27133,14,25,21
27135,15,35,22
27137,17,28,24
27139,12,29,24
27141,15,30,25
27143,14,39,22
27145,15,29,25
27147,14,31,19
27149,14,31,22
27151,15,38,20
27153,15,37,19
27155,15,33,20
27157,14,37,21
27159,16,34,20
27161,15,33,20
27163,11,25,20
27165,15,32,20
27167,15,30,21
27169,15,30,23
27171,15,32,22
27173,15,35,20
28001,22,35,12
28003,19,35,15
28005,19,40,12
28007,19,37,12
28009,18,40,14
28011,25,39,12
28013,20,38,13
28015,16,34,14
28017,21,45,12
28019,19,38,13
28021,25,41,10
28023,18,29,13
28025,21,40,12
28027,25,42,11
28029,20,39,13
28031,20,38,14
28033,15,35,16
28035,19,31,15
28037,18,32,13
28039,17,39,17
28041,17,37,17
28043,20,42,13
28045,18,34,17
28047,22,34,17
28049,19,37,13
28051,28,46,10
28053,26,46,10
28055,27,27,11
28057,19,34,15
28059,19,33,15
28061,19,45,12
28063,27,54,9
28065,25,40,10
28067,19,40,14
28069,23,39,11
28071,18,32,18
28073,17,34,18
28075,20,36,13
28077,20,34,14
28079,21,40,13
28081,18,31,14
28083,24,37,11
28085,20,39,14
28087,17,37,13
28089,15,36,17
28091,20,36,13
28093,19,44,14
28095,18,36,13
28097,19,38,13
28099,22,43,13
28101,20,34,13
28103,22,42,11
28105,19,34,17
28107,21,34,13
28109,19,38,16
28111,20,34,14
28113,23,34,13
28115,18,35,15
28117,21,32,13
28119,26,42,10
28121,16,35,16
28123,21,49,13
28125,24,50,10
28127,21,44,13
28129,18,38,14
28131,18,41,15
28133,25,50,13
28135,22,44,13
28137,18,37,16
28139,19,40,14
28141,18,38,14
28143,22,40,12
28145,17,40,15
28147,20,37,11
28149,20,36,13
28151,21,43,11
28153,19,42,13
28155,19,33,14
28157,25,38,11
28159,20,39,12
28161,20,33,13
28163,25,41,12
29001,21,28,19
29003,18,32,19
29005,18,39,17
29007,21,35,17
29009,22,38,16
29011,20,26,17
29013,20,37,19
29015,20,34,15
29017,21,32,17
29019,19,26,24
29021,22,38,18
29023,22,38,17
29025,20,33,18
29027,18,37,20
29029,18,23,17
29031,18,32,19
29033,20,38,17
29035,21,28,17
29037,17,37,20
29039,23,34,15
29041,19,29,16
29043,19,31,19
29045,20,30,17
29047,16,33,20
29049,18,33,19
29051,18,36,20
29053,19,34,19
29055,23,40,17
29057,21,34,16
29059,20,33,17
29061,20,45,18
29063,20,37,20
29065,22,22,16
29067,22,31,15
29069,26,41,15
29071,19,33,20
29073,18,31,18
29075,19,29,18
29077,20,33,19
29079,20,34,17
29081,21,32,16
29083,21,31,17
29085,20,33,14
29087,19,29,16
29089,20,34,17
29091,22,37,16
29093,22,26,16
29095,20,32,21
29097,19,39,19
29099,19,33,20
29101,20,34,23
29103,19,35,17
29105,22,31,17
29107,19,32,18
29109,21,33,17
29111,20,33,19
29113,21,37,21
29115,20,33,17
29117,20,42,17
29119,23,30,17
29121,20,35,16
29123,22,35,17
29125,20,36,17
29127,20,36,17
29129,20,24,16
29131,20,39,17
29133,27,38,16
29135,19,42,20
29137,18,31,17
29139,21,27,16
29141,22,35,15
29143,25,36,16
29145,20,29,18
29147,20,35,19
29149,22,31,15
29151,17,29,20
29153,22,24,14
29155,25,36,14
29157,19,37,18
29159,22,37,17
29161,20,35,19
29163,21,37,18
29165,18,30,20
29167,21,38,17
29169,20,32,21
29171,22,29,16
29173,19,30,18
29175,22,40,19
29177,20,35,19
29179,21,32,17
29181,24,36,16
29183,16,30,21
29185,21,37,15
29186,19,35,18
29187,22,39,18
29189,16,28,19
29195,20,36,18
29197,21,31,17
29199,21,32,17
29201,22,36,17
29203,24,35,15
29205,19,29,17
29207,21,36,16
29209,19,31,16
29211,20,31,16
29213,21,29,17
29215,23,31,16
29217,21,28,17
29219,20,36,18
29221,22,31,18
29223,24,34,15
29225,22,28,18
29227,19,25,16
29229,25,29,15
29510,25,34,20
30001,15,27,23
30003,29,38,20
30005,26,39,20
30007,15,34,21
30009,14,28,21
30011,14,34,21
30013,17,27,19
30015,19,29,20
30017,15,33,23
30019,13,27,21
30021,14,29,24
30023,19,29,21
30025,13,35,24
30027,15,31,19
30029,16,22,21
30031,14,17,27
30033,15,27,22
30035,31,37,21
30037,16,26,19
30039,14,23,20
30041,23,38,23
30043,15,27,20
30045,15,31,19
30047,20,29,18
30049,14,27,21
30051,15,35,21
30053,16,26,19
30055,13,25,20
30057,14,24,20
30059,17,26,18
30061,18,28,19
30063,17,22,25
30065,18,28,18
30067,14,24,20
30069,15,27,20
30071,18,35,21
30073,19,35,21
30075,15,27,20
30077,18,32,23
30079,13,35,19
30081,15,27,19
30083,14,31,23
30085,31,35,22
30087,21,32,21
30089,18,25,18
30091,15,38,22
30093,17,25,21
30095,13,25,21
30097,14,28,21
30099,15,24,21
30101,18,26,22
30103,16,33,18
30105,16,31,22
30107,17,32,18
30109,16,30,20
30111,16,27,23
31001,15,37,19
31003,14,33,19
31005,15,35,19
31007,15,29,19
31009,13,35,20
31011,14,33,22
31013,16,36,23
31015,13,36,18
31017,16,39,18
31019,15,30,24
31021,17,36,20
31023,14,34,22
31025,16,40,23
31027,13,36,22
31029,14,32,20
31031,14,28,19
31033,14,29,20
31035,15,35,20
31037,15,32,21
31039,13,36,20
31041,15,36,17
31043,17,39,16
31045,15,28,22
31047,14,36,18
31049,14,36,19
31051,13,36,20
31053,17,35,22
31055,16,30,22
31057,16,35,18
31059,14,32,21
31061,15,30,19
31063,14,44,22
31065,16,34,19
31067,15,39,21
31069,14,29,18
31071,13,28,18
31073,12,25,21
31075,16,33,18
31077,13,38,20
31079,16,35,19
31081,13,31,20
31083,15,35,19
31085,14,25,18
31087,16,38,18
31089,13,32,19
31091,13,27,18
31093,15,37,21
31095,15,37,20
31097,16,37,23
31099,15,37,20
31101,15,30,17
31103,12,30,18
31105,15,39,17
31107,13,32,19
31109,13,29,25
31111,16,37,19
31113,15,35,20
31115,13,31,18
31117,14,27,19
31119,15,34,20
31121,16,38,20
31123,15,38,18
31125,15,31,20
31127,15,39,22
31129,14,34,17
31131,14,40,21
31133,15,33,17
31135,12,26,20
31137,13,37,21
31139,15,32,22
31141,15,36,21
31143,14,35,20
31145,16,35,21
31147,17,36,20
31149,13,35,19
31151,15,37,22
31153,13,33,24
31155,14,35,25
31157,18,36,16
31159,14,31,22
31161,16,32,19
31163,14,36,19
31165,14,23,17
31167,14,38,22
31169,13,33,20
31171,14,27,20
31173,27,44,20
31175,14,32,19
31177,14,32,22
31179,14,35,23
31181,15,33,21
31183,15,29,19
31185,14,37,20
32001,18,32,21
32003,17,26,18
32005,14,25,18
32007,17,29,23
32009,19,28,16
32011,17,23,21
32013,17,33,22
32015,17,35,22
32017,16,30,20
32019,21,35,21
32021,21,30,17
32023,18,34,18
32027,18,35,23
32029,15,25,19
32031,15,23,24
32033,18,33,21
32510,19,28,20
33001,14,29,19
33003,15,27,16
33005,17,30,21
33007,17,34,17
33009,13,24,20
33011,14,28,20
33013,14,28,19
33015,12,27,20
33017,17,30,22
33019,16,33,20
34001,16,30,17
34003,11,22,18
34005,12,29,19
34007,16,31,18
34009,16,29,18
34011,18,36,17
34013,14,29,16
34015,16,31,21
34017,15,24,19
34019,13,20,22
34021,14,26,19
34023,11,26,16
34025,13,25,21
34027,12,21,19
34029,14,28,19
34031,14,27,18
34033,18,37,18
34035,11,22,16
34037,14,28,22
34039,13,25,18
34041,14,30,19
35001,15,23,16
35003,14,26,14
35005,17,34,16
35006,23,31,17
35007,17,28,14
35009,19,30,18
35011,16,37,13
35013,16,28,16
35015,16,35,19
35017,14,27,15
35019,15,35,16
35021,14,25,14
35023,17,25,15
35025,17,33,18
35027,16,23,14
35028,11,23,20
35029,19,33,14
35031,22,39,15
35033,19,27,12
35035,19,31,19
35037,17,30,13
35039,18,28,14
35041,18,29,18
35043,16,25,19
35045,22,33,16
35047,18,29,13
35049,14,14,16
35051,16,27,14
35053,19,34,15
35055,16,19,17
35057,20,25,15
35059,15,32,18
35061,17,32,14
36001,15,27,20
36003,17,36,20
36005,16,29,16
36007,16,28,22
36009,17,38,19
36011,16,34,21
36013,17,33,19
36015,17,36,21
36017,16,39,20
36019,17,35,21
36021,15,24,20
36023,15,35,22
36025,16,30,19
36027,15,27,21
36029,17,30,22
36031,14,29,20
36033,19,34,20
36035,18,34,18
36037,16,37,21
36039,15,28,20
36041,14,30,18
36043,18,32,19
36045,16,34,22
36047,14,23,18
36049,16,39,20
36051,15,36,21
36053,15,30,21
36055,15,29,20
36057,17,35,19
36059,11,24,18
36061,12,15,25
36063,17,34,23
36065,17,33,20
36067,16,30,21
36069,14,33,20
36071,15,30,19
36073,17,38,19
36075,19,34,21
36077,16,30,21
36079,13,23,22
36081,12,23,16
36083,15,30,20
36085,15,28,19
36087,12,23,17
36089,17,33,22
36091,15,26,21
36093,14,30,20
36095,15,36,20
36097,16,32,20
36099,16,38,20
36101,15,34,20
36103,13,25,19
36105,16,33,18
36107,16,35,21
36109,14,23,21
36111,16,28,18
36113,14,31,20
36115,15,34,20
36117,16,36,21
36119,11,21,18
36121,16,38,21
36123,15,30,20
37001,17,32,16
37003,17,35,17
37005,17,26,14
37007,20,39,14
37009,17,26,15
37011,17,27,17
37013,18,39,14
37015,20,43,13
37017,19,44,14
37019,15,29,15
37021,17,22,21
37023,17,36,16
37025,16,36,19
37027,17,39,16
37029,16,32,19
37031,16,32,16
37033,18,29,15
37035,16,31,17
37037,14,24,16
37039,17,27,14
37041,18,39,13
37043,16,31,14
37045,18,38,16
37047,19,46,14
37049,16,31,18
37051,18,34,16
37053,15,29,18
37055,16,23,18
37057,18,32,16
37059,15,41,16
37061,21,40,14
37063,15,25,17
37065,21,38,12
37067,18,33,16
37069,18,36,16
37071,17,29,16
37073,16,45,16
37075,18,43,15
37077,17,37,16
37079,20,28,15
37081,16,33,17
37083,20,44,13
37085,19,33,17
37087,18,32,16
37089,14,28,15
37091,19,47,13
37093,20,37,17
37095,17,36,16
37097,15,32,18
37099,18,28,18
37101,18,37,18
37103,19,41,14
37105,17,33,16
37107,19,33,13
37109,16,37,17
37111,19,40,16
37113,16,29,15
37115,17,27,17
37117,19,43,14
37119,14,28,19
37121,16,27,16
37123,18,37,15
37125,14,26,16
37127,18,42,15
37129,16,26,21
37131,19,34,12
37133,18,29,22
37135,14,23,18
37137,16,37,15
37139,18,39,16
37141,16,31,17
37143,17,34,14
37145,18,29,15
37147,17,36,17
37149,14,33,15
37151,18,32,16
37153,21,39,14
37155,24,39,13
37157,18,36,16
37159,17,38,16
37161,19,29,16
37163,19,35,14
37165,23,40,14
37167,17,28,17
37169,16,33,16
37171,17,31,15
37173,22,31,16
37175,16,27,14
37177,21,43,14
37179,15,32,19
37181,20,34,13
37183,12,25,20
37185,19,41,13
37187,19,42,12
37189,18,17,19
37191,18,38,15
37193,18,43,15
37195,18,32,14
37197,18,39,17
37199,17,30,15
38001,15,30,20
38003,16,36,22
38005,30,38,20
38007,15,30,22
38009,16,34,21
38011,14,23,21
38013,16,38,22
38015,16,31,20
38017,16,31,25
38019,14,35,22
38021,14,36,21
38023,17,35,20
38025,17,33,21
38027,17,31,21
38029,15,27,19
38031,16,36,21
38033,17,33,19
38035,16,31,25
38037,15,28,19
38039,15,30,19
38041,16,32,21
38043,16,38,19
38045,16,32,20
38047,14,29,20
38049,16,32,23
38051,14,27,17
38053,19,29,25
38055,16,34,21
38057,16,31,23
38059,18,34,25
38061,22,39,26
38063,15,38,22
38065,14,28,22
38067,16,39,22
38069,17,36,20
38071,17,30,22
38073,15,33,21
38075,16,30,23
38077,16,36,25
38079,38,43,21
38081,15,32,22
38083,16,37,17
38085,39,39,19
38087,15,27,22
38089,17,34,25
38091,14,35,22
38093,17,32,22
38095,17,36,21
38097,16,38,24
38099,16,34,20
38101,18,33,22
38103,14,36,18
38105,20,37,26
39001,24,32,16
39003,20,34,17
39005,19,33,19
39007,21,38,17
39009,20,33,20
39011,17,38,19
39013,17,35,18
39015,21,34,19
39017,18,32,20
39019,18,39,17
39021,18,32,19
39023,21,34,18
39025,19,37,19
39027,20,33,18
39029,21,36,18
39031,22,37,18
39033,20,32,17
39035,20,30,20
39037,18,36,18
39039,18,32,17
39041,15,27,19
39043,18,33,19
39045,17,32,19
39047,21,36,18
39049,20,30,21
39051,17,31,21
39053,21,38,16
39055,17,25,19
39057,18,30,19
39059,22,36,17
39061,19,29,20
39063,18,33,18
39065,21,37,19
39067,20,35,17
39069,17,33,19
39071,21,32,16
39073,20,41,17
39075,18,29,20
39077,19,38,18
39079,23,39,17
39081,21,34,17
39083,17,31,20
39085,17,25,19
39087,21,40,16
39089,19,32,20
39091,19,41,19
39093,18,37,19
39095,21,35,20
39097,19,37,19
39099,20,31,15
39101,21,40,17
39103,16,29,20
39105,22,41,16
39107,16,35,22
39109,18,37,18
39111,19,37,16
39113,20,33,17
39115,22,32,16
39117,19,39,18
39119,20,37,18
39121,17,39,16
39123,17,34,17
39125,17,37,19
39127,20,36,18
39129,20,34,20
39131,21,37,17
39133,19,28,20
39135,18,29,18
39137,16,38,20
39139,21,32,17
39141,22,37,17
39143,20,35,19
39145,22,39,16
39147,19,34,17
39149,18,33,20
39151,19,35,17
39153,18,30,18
39155,20,39,15
39157,18,33,17
39159,18,33,20
39161,18,41,18
39163,22,37,17
39165,15,28,20
39167,18,37,18
39169,17,27,18
39171,20,35,18
39173,17,34,21
39175,19,37,18
40001,28,48,12
40003,17,35,15
40005,21,41,13
40007,15,36,13
40009,18,35,15
40011,18,34,12
40013,20,33,14
40015,20,44,12
40017,15,35,15
40019,20,39,13
40021,22,39,13
40023,23,34,11
40025,17,28,12
40027,16,35,15
40029,20,35,13
40031,20,32,14
40033,18,39,13
40035,21,36,13
40037,19,33,14
40039,18,38,15
40041,21,37,11
40043,18,39,13
40045,18,36,12
40047,17,36,15
40049,20,35,13
40051,19,35,14
40053,15,28,14
40055,20,31,14
40057,17,32,12
40059,16,27,14
40061,21,30,12
40063,21,36,13
40065,17,37,13
40067,19,32,12
40069,21,32,13
40071,19,36,13
40073,16,39,15
40075,21,32,12
40077,21,35,12
40079,22,37,12
40081,18,35,13
40083,18,36,15
40085,17,27,14
40087,15,36,15
40089,22,35,12
40091,21,34,12
40093,15,41,13
40095,19,34,13
40097,21,37,12
40099,18,34,13
40101,21,42,12
40103,17,39,14
40105,20,36,13
40107,24,48,12
40109,17,31,16
40111,22,33,13
40113,19,33,13
40115,22,37,13
40117,19,39,13
40119,20,32,16
40121,20,35,14
40123,19,33,14
40125,21,36,14
40127,21,34,12
40129,18,34,13
40131,18,32,14
40133,23,34,12
40135,23,36,13
40137,17,34,12
40139,17,32,14
40141,19,43,12
40143,18,31,16
40145,18,36,15
40147,17,38,14
40149,17,29,14
40151,16,35,16
40153,17,30,15
41001,15,31,19
41003,13,25,21
41005,13,29,20
41007,15,30,19
41009,15,31,20
41011,17,39,17
41013,17,33,18
41015,15,34,15
41017,14,23,21
41019,15,31,17
41021,14,36,17
41023,15,27,17
41025,16,31,18
41027,15,26,19
41029,18,24,20
41031,19,43,18
41033,17,31,17
41035,16,33,17
41037,17,34,16
41039,15,27,19
41041,16,36,17
41043,17,36,20
41045,17,36,19
41047,15,34,17
41049,16,35,18
41051,16,24,24
41053,14,34,19
41055,14,29,18
41057,15,33,18
41059,16,35,19
41061,16,38,18
41063,14,30,17
41065,16,28,19
41067,11,30,18
41069,15,27,15
41071,15,34,20
42001,16,36,19
42003,17,28,22
42005,19,42,19
42007,19,33,20
42009,17,30,18
42011,17,36,19
42013,19,31,20
42015,18,38,19
42017,14,27,18
42019,17,31,20
42021,18,27,19
42023,18,25,18
42025,18,36,19
42027,17,25,24
42029,15,22,22
42031,19,33,19
42033,20,41,19
42035,19,35,20
42037,18,32,20
42039,20,37,19
42041,16,29,20
42043,19,34,19
42045,15,27,21
42047,17,27,19
42049,20,34,22
42051,21,40,18
42053,20,34,20
42055,18,35,19
42057,18,28,19
42059,19,32,21
42061,19,30,20
42063,19,33,21
42065,19,35,18
42067,18,32,20
42069,20,29,21
42071,15,32,18
42073,18,37,19
42075,16,35,20
42077,18,31,19
42079,19,30,20
42081,19,38,19
42083,20,34,19
42085,19,33,19
42087,19,41,18
42089,17,33,19
42091,13,26,23
42093,16,30,20
42095,16,32,20
42097,19,40,19
42099,17,27,20
42101,21,28,21
42103,16,32,19
42105,19,30,19
42107,19,32,19
42109,18,34,20
42111,18,38,19
42113,17,30,19
42115,18,34,19
42117,18,36,19
42119,17,34,22
42121,19,40,18
42123,19,30,20
42125,16,34,19
42127,17,31,20
42129,19,31,20
42131,18,34,20
42133,16,32,18
44001,12,23,21
44003,14,30,18
44005,13,25,22
44007,14,29,19
44009,12,24,21
45001,17,37,16
45003,15,36,17
45005,22,40,13
45007,18,34,16
45009,18,37,13
45011,20,39,15
45013,13,24,20
45015,16,35,19
45017,16,39,15
45019,16,27,23
45021,20,43,15
45023,20,36,15
45025,20,38,14
45027,19,40,14
45029,21,42,15
45031,19,37,14
45033,22,42,13
45035,17,32,19
45037,17,38,16
45039,19,42,13
45041,18,38,14
45043,16,34,15
45045,15,29,15
45047,19,36,14
45049,20,42,15
45051,17,31,18
45053,21,37,14
45055,16,39,16
45057,16,32,16
45059,20,36,14
45061,21,40,13
45063,16,32,19
45065,17,34,14
45067,20,44,14
45069,21,39,15
45071,18,36,16
45073,17,32,16
45075,17,41,13
45077,17,32,18
45079,16,33,19
45081,19,38,14
45083,17,32,16
45085,18,38,15
45087,19,39,15
45089,19,42,12
45091,15,32,18
46003,12,37,19
46005,16,36,17
46007,27,42,16
46009,15,40,20
46011,13,28,20
46013,14,32,18
46015,16,29,17
46017,36,48,17
46019,16,32,16
46021,12,31,18
46023,20,42,16
46025,14,31,19
46027,16,30,23
46029,16,32,19
46031,32,39,15
46033,14,31,16
46035,15,27,18
46037,15,36,16
46039,13,36,19
46041,31,39,19
46043,13,29,18
46045,13,31,18
46047,16,33,16
46049,13,37,17
46051,13,27,18
46053,16,30,16
46055,15,26,16
46057,13,29,19
46059,13,31,18
46061,14,28,20
46063,15,40,19
46065,15,33,19
46067,13,33,17
46069,14,25,17
46071,28,35,16
46073,12,23,17
46075,14,27,17
46077,13,30,18
46079,14,32,18
46081,15,26,20
46083,13,30,21
46085,21,38,17
46087,14,36,19
46089,14,31,16
46091,14,30,19
46093,16,29,20
46095,29,36,14
46097,14,24,18
46099,15,32,19
46101,17,37,18
46102,38,40,16
46103,16,29,18
46105,14,30,17
46107,12,28,17
46109,21,37,18
46111,14,39,20
46115,14,40,19
46117,13,28,20
46119,13,28,19
46121,41,39,18
46123,17,36,16
46125,14,38,17
46127,13,30,20
46129,15,32,18
46135,15,38,20
46137,32,52,15
47001,21,33,14
47003,23,34,16
47005,24,35,12
47007,25,33,15
47009,21,33,15
47011,22,38,14
47013,24,33,13
47015,22,37,15
47017,23,30,13
47019,25,38,13
47021,20,32,16
47023,22,31,14
47025,23,26,14
47027,25,31,12
47029,24,37,13
47031,22,32,15
47033,23,40,13
47035,20,34,12
47037,18,30,16
47039,23,32,13
47041,23,30,15
47043,21,27,15
47045,23,40,14
47047,20,35,13
47049,25,27,12
47051,22,36,15
47053,22,40,13
47055,22,35,14
47057,23,33,13
47059,22,38,13
47061,25,34,12
47063,22,34,13
47065,19,29,17
47067,25,33,13
47069,26,37,13
47071,23,32,13
47073,23,32,14
47075,24,47,11
47077,24,33,13
47079,23,34,13
47081,23,32,14
47083,22,27,14
47085,21,35,14
47087,24,34,12
47089,20,37,14
47091,23,28,13
47093,20,31,17
47095,28,37,14
47097,25,45,12
47099,23,33,14
47101,23,42,14
47103,22,37,14
47105,19,29,13
47107,24,34,13
47109,25,30,13
47111,24,35,14
47113,22,39,13
47115,21,31,14
47117,22,38,15
47119,21,33,15
47121,22,35,14
47123,23,33,12
47125,22,34,17
47127,19,25,15
47129,25,36,14
47131,24,38,13
47133,23,39,13
47135,24,29,13
47137,21,31,13
47139,22,34,14
47141,24,28,15
47143,23,38,13
47145,20,34,13
47147,20,34,16
47149,19,36,16
47151,26,42,14
47153,21,38,15
47155,21,44,13
47157,20,36,13
47159,22,30,15
47161,21,27,14
47163,22,34,13
47165,18,31,17
47167,21,32,15
47169,23,22,17
47171,22,33,13
47173,25,34,14
47175,22,32,13
47177,24,38,13
47179,20,31,14
47181,25,35,14
47183,22,39,14
47185,23,31,13
47187,15,22,16
47189,18,37,17
48001,17,37,19
48003,13,35,20
48005,16,41,16
48007,14,41,16
48009,14,27,19
48011,12,29,20
48013,14,37,18
48015,14,32,19
48017,16,31,16
48019,14,30,17
48021,16,38,19
48023,14,27,17
48025,16,31,20
48027,15,35,20
48029,15,29,20
48031,13,29,17
48033,11,27,20
48035,14,32,17
48037,17,47,18
48039,13,28,18
48041,14,29,19
48043,14,26,17
48045,14,26,17
48047,18,37,13
48049,15,39,18
48051,14,38,18
48053,13,31,18
48055,15,39,17
48057,14,31,18
48059,15,35,18
48061,13,31,15
48063,16,28,17
48065,13,28,21
48067,15,37,17
48069,14,27,17
48071,15,28,21
48073,16,43,18
48075,16,24,21
48077,15,32,19
48079,18,25,15
48081,14,29,16
48083,16,25,16
48085,12,28,19
48087,15,29,18
48089,13,27,17
48091,13,30,20
48093,15,26,17
48095,13,28,17
48097,15,24,19
48099,16,42,21
48101,16,22,15
48103,13,25,19
48105,13,27,17
48107,16,29,16
48109,19,35,14
48111,16,36,19
48113,15,30,18
48115,16,29,18
48117,15,27,18
48119,16,34,18
48121,13,25,22
48123,15,27,17
48125,15,24,18
48127,17,33,14
48129,14,28,18
48131,16,26,15
48133,15,35,18
48135,14,32,20
48137,13,27,16
48139,13,38,17
48141,14,29,17
48143,16,26,20
48145,18,40,16
48147,16,30,19
48149,13,22,18
48151,13,23,17
48153,15,35,16
48155,13,28,17
48157,12,29,18
48159,14,37,18
48161,16,35,17
48163,16,25,19
48165,15,34,21
48167,19,34,21
48169,14,23,22
48171,12,29,16
48173,15,24,19
48175,14,28,17
48177,16,31,17
48179,16,34,19
48181,15,30,19
48183,16,30,17
48185,17,37,18
48187,13,34,20
48189,16,32,18
48191,19,26,14
48193,14,25,17
48195,16,25,17
48197,15,32,17
48199,14,37,20
48201,14,28,20
48203,16,44,18
48205,13,30,22
48207,16,27,18
48209,14,30,23
48211,14,32,19
48213,16,37,17
48215,15,34,16
48217,15,32,18
48219,15,29,19
48221,13,29,18
48223,17,31,18
48225,18,25,16
48227,16,40,20
48229,19,34,15
48231,16,33,18
48233,15,31,19
48235,13,25,19
48237,15,33,20
48239,14,33,19
48241,16,41,17
48243,14,27,15
48245,17,35,17
48247,15,25,15
48249,15,32,16
48251,15,39,21
48253,16,38,20
48255,16,29,20
48257,15,36,21
48259,12,23,20
48261,16,24,15
48263,13,26,17
48265,13,24,16
48267,14,31,16
48269,14,23,19
48271,14,27,16
48273,15,34,18
48275,15,25,18
48277,18,34,16
48279,16,26,16
48281,14,30,18
48283,14,30,19
48285,13,36,18
48287,15,41,18
48289,16,34,17
48291,17,34,19
48293,17,30,17
48295,14,28,19
48297,15,29,18
48299,13,27,15
48301,14,29,22
48303,15,35,19
48305,16,29,17
48307,14,35,17
48309,16,33,19
48311,12,26,18
48313,16,27,20
48315,17,40,16
48317,14,36,20
48319,12,26,17
48321,16,38,17
48323,17,38,15
48325,13,34,19
48327,12,34,16
48329,13,35,22
48331,15,35,17
48333,14,30,17
48335,14,31,22
48337,15,31,18
48339,15,26,20
48341,15,28,18
48343,15,38,17
48345,14,28,17
48347,17,36,19
48349,16,30,17
48351,15,36,18
48353,15,36,18
48355,14,33,20
48357,15,24,20
48359,15,23,19
48361,16,41,18
48363,16,32,18
48365,16,37,18
48367,14,35,19
48369,15,40,18
48371,14,46,19
48373,16,44,18
48375,18,37,17
48377,16,30,13
48379,14,31,18
48381,13,27,21
48383,15,28,18
48385,15,26,15
48387,17,39,16
48389,15,28,20
48391,14,22,17
48393,13,23,21
48395,15,37,17
48397,13,25,21
48399,15,29,17
48401,17,39,19
48403,16,32,15
48405,17,40,15
48407,17,30,17
48409,15,40,18
48411,16,25,17
48413,12,24,19
48415,15,30,20
48417,14,28,18
48419,17,27,17
48421,13,28,19
48423,16,34,18
48425,15,29,18
48427,19,38,14
48429,16,31,18
48431,15,25,18
48433,13,27,17
48435,12,33,19
48437,17,24,17
48439,14,30,19
48441,15,32,20
48443,15,26,14
48445,16,34,18
48447,14,26,17
48449,16,31,17
48451,14,29,20
48453,12,22,25
48455,17,40,15
48457,15,33,18
48459,15,31,19
48461,14,24,19
48463,15,31,17
48465,16,25,17
48467,14,26,18
48469,15,36,20
48471,17,36,20
48473,16,36,17
48475,14,42,18
48477,15,30,18
48479,18,38,16
48481,15,37,17
48483,15,26,18
48485,18,35,18
48487,16,34,17
48489,19,40,16
48491,13,30,21
48493,13,34,19
48495,15,37,19
48497,15,33,19
48499,14,28,17
48501,14,33,19
48503,16,34,18
48505,17,31,15
48507,20,24,14
49001,11,25,12
49003,10,32,11
49005,9,26,12
49007,12,27,12
49009,7,28,12
49011,9,26,11
49013,11,30,11
49015,12,31,11
49017,10,24,10
49019,11,24,11
49021,11,26,12
49023,10,29,12
49025,9,23,10
49027,9,32,11
49029,8,19,13
49031,9,26,10
49033,10,26,11
49035,10,25,16
49037,16,35,10
49039,11,30,11
49041,10,29,12
49043,9,15,16
49045,10,34,13
49047,13,35,13
49049,6,25,8
49051,8,24,12
49053,9,24,10
49055,9,22,11
49057,11,31,13
50001,13,26,22
50003,15,30,18
50005,15,32,17
50007,11,21,22
50009,16,29,18
50011,17,34,21
50013,13,30,21
50015,15,24,22
50017,14,28,18
50019,17,30,20
50021,15,31,18
50023,15,23,21
50025,15,24,19
50027,13,28,20
51001,18,36,15
51003,14,21,21
51005,17,36,16
51007,17,41,17
51009,17,35,17
51011,17,47,17
51013,12,20,22
51015,16,34,16
51017,17,25,16
51019,15,34,18
51021,15,28,19
51023,14,25,19
51025,20,42,15
51027,20,34,15
51029,19,40,17
51031,19,36,17
51033,17,41,18
51035,18,32,17
51036,17,34,15
51037,19,40,15
51041,15,32,18
51043,15,26,17
51045,15,28,18
51047,16,30,19
51049,19,39,15
51051,21,37,16
51053,18,39,17
51057,17,40,15
51059,9,22,17
51061,14,29,20
51063,17,30,17
51065,14,30,18
51067,16,36,18
51069,14,31,20
51071,16,34,17
51073,16,31,19
51075,13,27,18
51077,19,33,16
51079,17,28,18
51081,22,36,16
51083,19,39,14
51085,13,31,19
51087,15,32,17
51089,19,34,14
51091,15,27,15
51093,15,38,18
51095,12,27,16
51097,18,52,16
51099,16,30,21
51101,17,28,19
51103,14,31,13
51105,22,37,16
51107,11,22,18
51109,16,30,18
51111,20,40,15
51113,16,38,16
51115,14,32,16
51117,18,39,14
51119,15,30,15
51121,17,27,21
51125,16,28,16
51127,14,33,20
51131,18,36,14
51133,15,30,14
51135,20,39,15
51137,16,36,17
51139,18,36,17
51141,18,25,15
51143,18,38,15
51145,14,28,20
51147,18,38,18
51149,18,32,19
51153,13,30,18
51155,16,31,17
51157,13,39,18
51159,19,30,16
51161,15,30,18
51163,16,27,16
51165,15,28,18
51167,19,38,16
51169,19,30,16
51171,16,33,18
51173,19,31,17
51175,17,45,16
51177,16,32,21
51179,15,35,20
51181,17,26,15
51183,19,39,16
51185,19,32,16
51187,16,32,19
51191,18,30,16
51193,17,35,16
51195,19,35,17
51197,17,36,17
51199,14,27,20
51510,15,24,22
51520,19,29,16
51530,21,26,16
51540,19,29,18
51550,14,36,17
51570,17,27,16
51580,18,27,16
51590,21,30,14
51595,24,26,12
51600,13,24,17
51610,13,20,20
51620,20,49,14
51630,18,32,19
51640,19,29,16
51650,20,38,17
51660,20,25,20
51670,20,30,15
51678,17,19,21
51680,17,35,18
51683,15,31,18
51685,16,41,18
51690,20,29,14
51700,18,35,19
51710,19,34,20
51720,20,32,16
51730,24,40,14
51735,14,37,19
51740,19,39,16
51750,22,34,19
51760,20,31,22
51770,20,35,17
51775,15,27,19
51790,17,31,17
51800,16,32,17
51810,15,27,21
51820,18,39,17
51830,16,34,19
51840,17,34,18
53001,14,37,16
53003,14,32,17
53005,13,31,18
53007,13,27,19
53009,14,29,16
53011,14,31,19
53013,14,35,16
53015,18,35,18
53017,14,32,19
53019,17,30,16
53021,14,33,18
53023,13,33,16
53025,16,34,17
53027,15,36,18
53029,12,29,19
53031,12,24,17
53033,9,22,20
53035,12,31,19
53037,14,27,22
53039,14,29,17
53041,16,35,15
53043,13,31,17
53045,16,36,18
53047,17,33,15
53049,15,34,15
53051,15,40,18
53053,15,31,19
53055,12,18,18
53057,13,29,18
53059,15,33,18
53061,13,29,19
53063,14,28,18
53065,15,31,15
53067,13,30,18
53069,13,36,16
53071,13,27,17
53073,14,28,23
53075,15,28,21
53077,14,35,16
54001,23,37,13
54003,22,37,14
54005,25,41,12
54007,23,34,12
54009,20,36,13
54011,24,33,12
54013,24,31,11
54015,24,40,12
54017,21,39,14
54019,25,40,11
54021,26,40,13
54023,22,35,11
54025,23,33,13
54027,22,41,13
54029,22,42,13
54031,22,38,12
54033,23,34,14
54035,21,42,13
54037,20,33,16
54039,21,38,12
54041,23,41,12
54043,24,40,12
54045,25,42,12
54047,30,44,10
54049,23,35,14
54051,22,41,12
54053,24,41,12
54055,25,39,11
54057,21,35,13
54059,30,37,11
54061,20,30,18
54063,23,31,11
54065,21,41,13
54067,21,40,12
54069,22,35,13
54071,22,32,11
54073,22,32,13
54075,23,31,12
54077,21,35,13
54079,20,35,13
54081,25,39,11
54083,22,34,12
54085,22,44,12
54087,23,41,11
54089,24,37,11
54091,21,40,13
54093,21,31,13
54095,21,37,12
54097,24,32,12
54099,23,40,12
54101,23,39,11
54103,24,34,12
54105,23,39,12
54107,24,39,11
54109,24,36,11
55001,16,30,22
55003,19,34,25
55005,17,41,23
55007,16,30,22
55009,15,33,27
55011,16,25,24
55013,16,35,21
55015,14,27,27
55017,15,28,26
55019,18,39,26
55021,15,43,26
55023,16,38,25
55025,12,23,28
55027,15,34,28
55029,13,33,22
55031,18,31,26
55033,16,42,28
55035,16,31,27
55037,16,34,23
55039,16,34,25
55041,19,29,24
55043,16,34,27
55045,15,35,26
55047,16,33,25
55049,15,29,26
55051,16,26,23
55053,18,33,24
55055,15,30,25
55057,17,36,23
55059,17,31,26
55061,14,32,27
55063,15,27,27
55065,16,34,25
55067,16,32,24
55069,16,34,24
55071,15,33,24
55073,15,34,24
55075,16,31,24
55077,15,38,23
55078,34,43,23
55079,18,32,25
55081,16,38,25
55083,16,37,25
55085,15,35,25
55087,15,33,28
55089,13,24,25
55091,16,32,24
55093,15,27,29
55095,16,33,24
55097,16,32,27
55099,15,29,22
55101,15,36,26
55103,16,34,23
55105,17,36,23
55107,17,27,23
55109,14,28,28
55111,18,31,26
55113,20,36,22
55115,17,36,23
55117,15,29,27
55119,17,33,25
55121,15,30,26
55123,17,32,24
55125,17,31,23
55127,15,29,25
55129,16,30,22
55131,14,33,28
55133,12,26,24
55135,15,37,24
55137,16,36,23
55139,15,37,26
55141,16,29,25
56001,16,24,21
56003,16,33,17
56005,18,32,20
56007,17,30,19
56009,15,32,19
56011,14,27,18
56013,19,29,17
56015,16,32,18
56017,15,33,17
56019,15,24,17
56021,17,30,18
56023,15,27,18
56025,18,32,18
56027,18,27,17
56029,13,25,18
56031,14,30,17
56033,15,28,22
56035,14,30,19
56037,18,30,23
56039,15,12,26
56041,17,36,19
56043,17,29,17
56045,17,33,18
