fips,Length of Life rank,Quality of Life rank,Health Behaviors rank,Clinical Care rank,Social & Economic Factors rank,Physical Environment rank
1001,5,11,9,13,7,53
1003,3,2,5,6,3,5
1005,23,55,54,41,60,28
1007,49,14,32,18,43,22
1009,42,13,15,45,16,49
1011,45,63,63,58,66,19
1013,64,56,57,56,55,45
1015,51,28,39,40,33,37
1017,38,47,37,35,36,40
1019,56,10,7,33,18,27
1021,19,16,33,52,30,31
1023,57,43,44,23,52,23
1025,39,51,43,43,59,11
1027,26,34,41,48,40,62
1029,35,9,19,63,21,8
1031,6,3,10,17,5,10
1033,30,17,14,9,17,35
1035,32,62,56,61,57,25
1037,60,53,48,39,50,61
1039,43,32,24,51,26,7
1041,18,29,45,59,44,1
1043,22,15,22,21,10,43
1045,28,21,42,12,24,14
1047,65,65,65,24,63,54
1049,31,37,23,65,31,17
1051,8,4,12,15,12,52
1053,54,44,55,62,53,21
1055,47,20,34,46,27,18
1057,14,35,29,11,46,59
1059,21,46,20,66,32,4
1061,40,27,49,54,42,3
1063,44,66,59,55,64,20
1065,55,57,51,53,54,56
1067,11,19,18,22,14,16
1069,13,26,27,5,19,24
1071,36,33,28,30,38,15
1073,34,23,11,1,23,65
1075,48,38,30,31,15,9
1077,10,18,2,8,6,30
1079,46,25,26,60,39,36
1081,2,6,3,10,8,67
1083,4,12,6,16,4,50
1085,67,61,64,37,65,60
1087,59,59,62,38,61,66
1089,7,8,4,3,2,39
1091,53,54,50,19,51,48
1093,37,30,21,57,25,44
1095,20,24,40,50,20,42
1097,27,39,35,25,48,64
1099,58,58,60,42,58,26
1101,16,45,47,7,41,51
1103,12,7,8,14,9,57
1105,63,67,67,49,56,29
1107,15,52,31,32,28,6
1109,24,42,46,29,47,12
1111,25,22,36,47,35,33
1113,41,41,52,28,37,63
1115,17,5,13,36,13,55
1117,1,1,1,2,1,47
1119,62,64,61,27,62,46
1121,50,40,58,34,34,32
1123,29,50,16,20,45,58
1125,9,31,17,4,11,38
1127,66,49,53,26,29,34
1129,52,48,38,64,49,2
1131,61,60,66,44,67,13
1133,33,36,25,67,22,41
2013,NR,NR,NR,NR,NR,NR
2016,12,19,16,18,3,12
2020,8,15,4,2,6,24
2050,21,23,23,19,23,22
2060,NR,NR,NR,NR,NR,NR
2068,12,8,7,7,11,7
2070,20,22,20,13,20,5
2090,4,7,6,3,5,11
2100,12,9,1,1,13,8
2105,12,16,12,21,18,1
2110,7,3,5,4,1,6
2122,10,6,8,12,10,23
2130,9,14,13,6,7,18
2150,1,2,9,11,4,19
2158,25,25,24,16,25,21
2164,12,20,19,24,19,10
2170,3,11,10,8,9,25
2180,22,21,25,25,21,17
2185,11,17,21,15,16,3
2188,23,24,22,23,22,15
2195,12,5,3,10,8,2
2198,19,10,17,22,17,4
2220,2,12,2,5,2,14
2230,NR,NR,NR,NR,NR,NR
2240,5,1,11,17,15,9
2261,6,4,14,9,14,16
2275,12,13,15,14,12,13
2282,NR,NR,NR,NR,NR,NR
2290,24,18,18,20,24,20
4001,15,14,15,15,15,12
4003,7,10,6,6,4,9
4005,10,8,5,4,2,5
4007,13,13,11,11,11,1
4009,9,11,13,5,6,2
4011,5,2,9,7,1,3
4012,14,6,7,14,12,4
4013,3,3,1,3,5,13
4015,11,9,12,12,9,7
4017,12,15,14,10,14,8
4019,6,4,3,1,8,10
4021,4,7,8,8,7,15
4023,1,12,2,9,10,14
4025,8,5,4,2,3,6
4027,2,1,10,13,13,11
5001,54,47,49,44,36,7
5003,29,62,57,57,57,32
5005,10,4,1,2,19,4
5007,1,1,2,7,2,55
5009,13,8,26,6,7,14
5011,48,63,59,62,55,29
5013,62,41,29,28,21,26
5015,40,9,5,39,23,10
5017,70,69,66,24,74,33
5019,27,43,22,4,18,40
5021,50,33,50,68,42,74
5023,35,10,6,20,29,15
5025,51,25,20,41,14,12
5027,11,70,51,19,45,31
5029,31,35,31,27,37,56
5031,8,48,48,3,8,71
5033,15,24,21,29,13,68
5035,69,71,70,15,62,67
5037,63,57,45,46,35,27
5039,34,51,35,34,49,8
5041,72,75,71,73,67,60
5043,49,56,47,60,40,23
5045,5,7,40,8,4,58
5047,65,42,37,42,10,50
5049,47,22,8,53,16,17
5051,45,34,15,5,59,22
5053,6,18,12,13,6,38
5055,41,14,32,12,12,46
5057,20,60,58,49,38,52
5059,58,32,44,21,33,37
5061,38,49,65,66,11,30
5063,16,38,19,16,15,18
5065,55,12,25,63,39,6
5067,56,58,69,45,69,51
5069,67,64,64,11,70,61
5071,23,30,33,25,54,11
5073,32,59,62,67,65,47
5075,52,27,23,64,27,66
5077,36,73,74,59,73,53
5079,26,37,56,56,48,43
5081,33,45,52,32,61,48
5083,28,55,41,50,28,28
5085,24,3,30,23,5,75
5087,68,16,38,58,32,9
5089,43,20,9,48,43,19
5091,59,50,60,18,63,64
5093,73,65,72,51,71,73
5095,75,72,63,54,68,45
5097,3,15,4,71,58,24
5099,39,61,55,37,24,62
5101,19,11,7,31,56,25
5103,42,67,67,14,51,39
5105,14,21,10,30,25,35
5107,74,74,75,52,75,63
5109,4,23,18,72,26,34
5111,71,54,68,55,64,42
5113,12,53,28,65,31,5
5115,9,31,24,36,17,57
5117,30,19,54,61,9,36
5119,22,6,17,1,30,59
5121,64,28,43,35,22,54
5123,57,68,73,26,72,49
5125,7,2,3,17,1,65
5127,66,44,39,70,50,3
5129,37,13,16,38,52,1
5131,18,26,42,9,20,70
5133,17,39,27,74,46,13
5135,53,66,46,43,44,21
5137,44,40,36,47,47,2
5139,61,46,34,22,53,72
5141,25,29,13,33,60,16
5143,2,5,11,10,3,44
5145,21,17,14,40,34,69
5147,60,52,61,69,66,20
5149,46,36,53,75,41,41
6001,7,12,6,11,10,16
6003,29,44,44,44,57,6
6005,28,20,19,14,14,18
6007,45,35,42,28,27,30
6009,41,7,22,23,23,22
6011,31,34,37,53,46,27
6013,10,14,8,13,7,44
6015,51,25,56,24,50,9
6017,19,18,15,12,6,15
6019,35,56,41,39,55,53
6021,42,36,38,58,41,19
6023,52,28,49,36,28,13
6025,25,39,45,48,58,45
6027,49,48,27,19,33,10
6029,46,54,57,54,54,57
6031,27,47,54,57,47,52
6033,58,49,48,51,51,28
6035,36,45,58,32,36,5
6037,16,27,12,49,30,58
6039,32,51,52,50,49,51
6041,1,1,3,2,3,17
6043,47,31,24,41,32,7
6045,44,29,36,40,40,41
6047,34,50,43,56,53,48
6049,56,46,47,47,48,3
6051,3,43,33,29,20,1
6053,20,38,29,43,37,36
6055,12,11,9,16,9,43
6057,23,6,16,9,21,25
6059,5,5,4,17,8,37
6061,8,2,5,1,2,38
6063,48,55,25,27,35,11
6065,22,40,30,45,25,54
6067,26,30,26,21,26,21
6069,18,22,23,37,16,39
6071,33,53,35,55,31,55
6073,11,17,13,25,13,46
6075,6,8,11,4,15,4
6077,38,33,34,35,44,49
6079,21,9,18,5,5,35
6081,2,3,2,3,1,33
6083,17,23,20,18,17,23
6085,4,4,1,7,4,40
6087,9,15,17,8,24,32
6089,53,26,39,22,29,29
6091,29,52,21,42,45,2
6093,54,57,46,30,38,12
6095,24,21,28,20,18,24
6097,14,10,10,15,12,42
6099,39,42,40,34,39,50
6101,37,24,32,33,34,20
6103,50,41,50,31,42,31
6105,57,37,51,38,52,8
6107,40,58,53,46,56,56
6109,43,16,31,6,22,34
6111,13,13,7,26,11,47
6113,15,19,14,10,19,14
6115,55,32,55,52,43,26
8001,24,39,50,39,40,60
8003,52,57,54,30,47,41
8005,11,14,19,9,27,52
8007,21,20,13,42,32,33
8009,27,27,41,60,28,31
8011,56,54,59,49,51,26
8013,5,5,3,3,11,55
8014,7,3,6,1,4,45
8015,20,24,7,22,20,3
8017,27,31,32,51,24,11
8019,8,9,11,11,23,22
8021,58,56,39,46,49,29
8023,27,60,58,54,58,14
8025,27,50,60,47,52,37
8027,27,47,23,29,34,18
8029,43,44,40,31,46,48
8031,23,33,44,10,43,47
8033,27,58,46,36,36,2
8035,4,1,1,4,1,49
8037,1,7,4,12,14,35
8039,13,4,17,32,7,57
8041,44,28,29,16,39,51
8043,47,43,47,28,55,42
8045,19,11,25,35,26,53
8047,27,36,16,20,9,39
8049,10,37,18,19,13,4
8051,6,40,22,23,6,17
8053,NR,NR,NR,NR,NR,NR
8055,59,45,24,24,60,24
8057,NR,NR,NR,NR,NR,NR
8059,12,2,8,7,16,58
8061,27,46,48,56,5,36
8063,26,34,33,58,25,25
8065,22,49,36,33,42,5
8067,14,13,27,13,22,34
8069,9,17,12,6,15,54
8071,60,51,49,52,54,27
8073,16,22,42,45,38,10
8075,46,32,53,27,33,38
8077,40,30,45,15,48,28
8079,NR,NR,NR,NR,NR,NR
8081,45,25,37,44,45,13
8083,50,48,51,40,56,19
8085,42,42,35,26,41,44
8087,48,26,43,37,35,40
8089,55,53,56,48,53,50
8091,27,38,10,5,18,9
8093,39,21,9,34,21,16
8095,27,8,15,41,10,21
8097,2,6,2,14,8,1
8099,49,41,52,59,37,43
8101,54,55,57,17,57,56
8103,25,12,20,18,30,7
8105,53,52,31,55,50,32
8107,17,10,21,2,3,23
8109,57,59,55,57,59,8
8111,NR,NR,NR,NR,NR,NR
8113,27,15,28,21,17,30
8115,27,18,38,50,44,12
8117,3,29,14,8,2,20
8119,41,35,5,38,31,46
8121,51,16,34,43,19,15
8123,18,19,30,25,29,59
8125,15,23,26,53,12,6
9001,1,1,1,6,4,8
9003,5,7,5,2,6,2
9005,4,2,4,3,3,5
9007,3,3,2,4,1,6
9009,6,8,7,5,7,7
9011,7,5,6,7,5,1
9013,2,4,3,1,2,3
9015,8,6,8,8,8,4
10001,2,3,3,3,3,3
10003,1,2,1,1,1,1
10005,3,1,2,2,2,2
11001,1,1,1,1,1,1
12001,9,43,22,1,13,13
12003,55,50,63,28,31,26
12005,48,38,43,33,36,42
12007,59,64,56,55,41,41
12009,37,19,19,19,17,36
12011,7,26,7,34,16,30
12013,62,54,55,60,48,27
12015,28,21,12,11,21,7
12017,65,35,28,27,60,16
12019,22,27,35,24,5,38
12021,1,4,3,20,15,6
12023,58,63,58,41,47,32
12027,30,49,47,57,61,1
12029,63,62,67,58,59,17
12031,46,45,38,18,34,31
12033,49,48,40,21,27,11
12035,20,18,17,15,29,20
12037,36,24,48,46,49,46
12039,52,67,61,52,66,63
12041,38,42,51,51,35,4
12043,44,29,50,66,46,21
12045,47,8,36,35,43,40
12047,53,61,64,54,63,10
12049,10,39,44,64,65,14
12051,33,55,42,67,67,8
12053,35,36,26,31,40,22
12055,43,47,27,45,62,19
12057,11,34,20,26,18,45
12059,51,51,49,32,54,57
12061,12,22,15,9,30,2
12063,57,46,53,44,55,67
12065,50,57,33,39,58,62
12067,40,28,41,63,23,43
12069,24,20,18,6,25,28
12071,18,16,9,17,26,51
12073,6,23,34,4,8,59
12075,60,56,54,56,52,56
12077,19,41,62,49,37,24
12079,45,66,45,47,56,61
12081,25,9,13,22,24,15
12083,64,44,32,23,51,48
12085,14,3,2,12,12,35
12086,2,32,5,61,42,55
12087,21,6,11,37,9,9
12089,39,12,29,10,4,37
12091,26,5,31,14,6,49
12093,56,52,52,65,53,5
12095,5,17,14,30,14,52
12097,8,37,21,53,20,65
12099,13,14,4,7,22,34
12101,34,31,25,29,28,33
12103,27,13,16,13,19,3
12105,29,40,37,40,44,58
12107,66,65,66,50,64,60
12109,3,1,8,2,1,25
12111,23,33,23,38,33,44
12113,15,15,30,25,2,47
12115,16,2,6,3,11,54
12117,4,7,10,5,3,23
12119,32,10,1,8,57,18
12121,42,60,57,62,38,29
12123,61,59,60,42,50,39
12125,67,58,65,43,39,12
12127,41,30,24,16,32,50
12129,31,11,46,36,7,53
12131,17,25,39,48,10,64
12133,54,53,59,59,45,66
13001,88,101,146,158,89,14
13003,120,108,155,151,115,27
13005,125,86,110,159,73,10
13007,74,105,73,157,154,44
13009,102,141,89,46,99,159
13011,98,34,40,138,20,112
13013,49,22,52,93,25,88
13015,42,29,77,107,39,89
13017,104,148,151,110,147,95
13019,147,114,124,116,112,31
13021,128,131,113,6,119,118
13023,96,42,78,94,91,80
13025,149,88,91,153,117,9
13027,71,80,80,139,85,72
13029,40,11,42,12,11,75
13031,38,107,83,90,50,69
13033,153,142,126,127,143,99
13035,122,77,84,80,105,133
13037,68,143,150,140,130,34
13039,34,25,86,32,23,35
13043,143,144,153,154,82,83
13045,64,49,99,54,42,82
13047,37,23,38,17,15,42
13049,52,50,111,108,100,22
13051,43,47,55,18,35,23
13053,61,28,102,4,59,25
13055,156,53,81,132,72,149
13057,6,7,8,22,5,71
13059,22,115,71,23,64,93
13061,74,158,154,89,158,13
13063,54,122,93,120,131,144
13065,131,155,159,145,84,12
13067,7,5,6,11,10,39
13069,113,97,132,135,113,137
13071,126,124,140,155,106,48
13073,9,6,9,3,4,67
13075,79,134,103,77,76,43
13077,11,21,25,19,14,146
13079,80,70,123,121,77,141
13081,114,154,131,122,132,92
13083,48,43,34,35,29,28
13085,53,4,7,45,7,26
13087,123,111,101,144,127,152
13089,17,31,23,16,68,115
13091,111,78,115,95,101,55
13093,85,130,92,156,125,102
13095,146,151,149,29,136,65
13097,30,39,33,67,46,121
13099,136,156,148,146,110,128
13101,12,92,65,97,53,135
13103,44,17,64,38,9,134
13105,119,79,112,129,116,57
13107,155,126,134,148,144,41
13109,70,106,76,114,103,40
13111,91,35,10,82,43,4
13113,3,3,1,2,3,143
13115,84,57,47,42,69,60
13117,1,2,2,10,2,37
13119,116,71,59,123,52,139
13121,15,27,17,5,47,154
13123,90,30,12,103,88,5
13125,97,36,50,60,48,126
13127,65,85,41,53,37,6
13129,67,46,48,147,36,59
13131,103,74,105,100,60,54
13133,60,99,39,48,93,148
13135,4,9,11,56,13,110
13137,29,32,22,68,27,18
13139,13,24,19,91,26,49
13141,95,159,130,81,159,142
13143,124,37,35,55,56,136
13145,8,8,14,13,6,56
13147,16,66,49,71,28,61
13149,130,38,63,102,57,87
13151,25,51,28,21,19,125
13153,28,45,68,36,30,85
13155,154,139,129,39,121,94
13157,21,13,16,34,8,151
13159,57,65,82,79,58,158
13161,151,91,98,118,108,78
13163,142,135,116,99,138,97
13165,105,147,136,105,142,104
13167,129,58,108,63,67,52
13169,27,26,26,28,32,68
13171,118,95,57,44,78,77
13173,51,81,145,126,114,109
13175,127,136,142,7,111,74
13177,33,19,51,24,18,47
13179,62,62,152,25,51,32
13181,81,69,18,66,92,64
13183,14,68,88,128,24,20
13185,82,93,135,52,63,132
13187,36,40,31,125,31,36
13189,140,121,70,47,137,127
13191,99,76,45,59,109,7
13193,141,149,139,143,151,131
13195,45,48,58,113,38,63
13197,87,75,106,74,90,66
13199,137,117,97,115,133,114
13201,158,96,44,141,79,101
13205,148,119,127,58,122,86
13207,46,56,29,30,45,123
13209,63,55,85,134,95,38
13211,58,20,27,41,22,30
13213,72,63,60,149,86,76
13215,132,103,144,9,81,116
13217,47,59,72,61,62,155
13219,2,1,4,1,1,24
13221,20,41,32,136,41,138
13223,10,10,24,70,12,84
13225,144,73,87,111,123,79
13227,41,14,13,51,17,15
13229,59,52,90,133,55,19
13231,31,16,21,88,16,122
13233,112,67,67,130,102,100
13235,89,83,94,76,94,130
13237,19,60,43,57,74,140
13239,74,128,46,65,146,70
13241,32,44,30,106,44,2
13243,135,157,119,131,150,17
13245,138,112,137,15,134,111
13247,39,84,95,43,66,129
13249,73,87,20,31,40,73
13251,93,109,114,137,141,147
13253,139,127,53,83,129,33
13255,145,137,104,73,104,150
13257,133,64,54,49,54,8
13259,152,153,157,117,135,117
13261,150,150,138,50,140,156
13263,24,102,75,26,96,106
13265,74,146,109,109,152,50
13267,69,94,158,152,98,16
13269,106,100,125,119,156,124
13271,55,133,120,142,157,53
13273,86,145,128,92,153,107
13275,83,90,61,20,70,98
13277,56,132,100,37,75,45
13279,121,138,147,85,139,46
13281,100,15,5,8,65,3
13283,26,116,62,96,118,11
13285,94,82,117,75,61,113
13287,108,140,133,86,145,120
13289,158,120,107,98,126,105
13291,23,12,3,14,33,1
13293,115,113,79,84,80,153
13295,109,54,66,72,49,90
13297,50,33,37,40,34,119
13299,117,98,143,87,83,29
13301,157,152,118,27,148,157
13303,66,89,141,33,107,51
13305,134,72,96,124,87,21
13307,74,123,36,64,149,108
13309,5,118,156,78,155,145
13311,35,18,15,62,21,96
13313,18,61,56,104,71,81
13315,92,104,121,150,124,62
13317,101,110,69,112,128,58
13319,107,125,74,69,97,103
13321,110,129,122,101,120,91
15001,4,4,4,4,4,1
15003,2,3,1,1,1,2
15005,NR,NR,NR,NR,NR,NR
15007,3,1,2,3,2,3
15009,1,2,3,2,3,4
16001,5,2,3,1,6,39
16003,16,35,17,18,39,3
16005,32,38,27,7,12,8
16007,29,33,7,20,23,4
16009,40,29,40,29,40,38
16011,35,30,21,36,11,22
16013,3,11,2,6,8,27
16015,16,4,9,25,24,19
16017,12,8,10,12,27,40
16019,26,21,8,5,13,25
16021,22,12,26,27,36,32
16023,16,22,15,33,28,5
16025,NR,NR,NR,NR,NR,NR
16027,13,24,29,23,21,41
16029,15,17,6,16,5,2
16031,33,14,24,26,17,21
16033,NR,NR,NR,NR,NR,NR
16035,39,5,20,14,42,24
16037,16,31,16,19,30,1
16039,14,26,42,34,22,31
16041,37,15,12,24,7,10
16043,6,18,13,22,15,26
16045,25,39,30,13,34,28
16047,38,34,31,42,26,30
16049,31,19,19,40,37,20
16051,8,9,11,17,2,23
16053,24,32,37,38,29,17
16055,10,7,23,4,10,42
16057,7,6,14,3,3,35
16059,34,28,28,15,38,13
16061,16,41,32,31,35,15
16063,11,20,38,39,31,7
16065,1,36,18,8,4,29
16067,28,40,25,37,25,12
16069,23,13,36,9,14,36
16071,16,3,5,35,9,11
16073,42,42,41,41,32,14
16075,36,23,34,10,20,37
16077,30,25,35,28,16,16
16079,41,27,39,21,41,18
16081,2,10,4,32,1,6
16083,27,16,22,11,19,34
16085,4,1,1,2,18,33
16087,9,37,33,30,33,9
17001,42,53,66,12,24,38
17003,95,101,101,72,102,85
17005,47,76,46,42,34,19
17007,16,30,33,77,54,61
17009,9,18,42,25,12,2
17011,45,23,22,24,62,25
17013,56,14,18,63,55,13
17015,24,9,11,74,28,57
17017,46,78,75,96,71,5
17019,14,74,60,18,41,71
17021,48,62,55,75,67,17
17023,53,75,70,92,40,12
17025,55,52,54,30,68,29
17027,17,7,48,10,13,45
17029,30,89,98,81,49,18
17031,37,59,23,84,53,102
17033,28,51,44,11,58,26
17035,22,46,56,93,27,49
17037,10,64,74,59,22,90
17039,70,35,24,35,44,33
17041,32,29,28,99,19,10
17043,2,6,1,4,2,94
17045,76,69,39,97,57,72
17047,25,41,25,38,16,27
17049,23,26,27,13,15,22
17051,52,73,68,87,76,88
17053,64,40,49,26,52,76
17055,93,93,86,86,94,58
17057,66,63,65,85,80,42
17059,98,79,41,98,95,20
17061,92,55,76,90,70,74
17063,20,11,36,36,14,96
17065,34,45,45,88,8,14
17067,43,24,21,44,50,9
17069,102,91,67,102,99,48
17071,62,80,15,69,60,6
17073,18,31,37,43,33,78
17075,96,67,34,89,35,64
17077,73,99,95,41,78,95
17079,11,22,13,51,32,11
17081,91,88,91,45,89,31
17083,68,38,50,65,43,44
17085,40,10,5,78,21,3
17087,38,33,53,55,92,82
17089,5,27,2,83,30,101
17091,84,83,96,70,69,87
17093,3,3,10,22,3,100
17095,61,86,84,14,82,67
17097,4,12,4,15,18,98
17099,71,50,61,34,81,75
17101,74,84,87,95,91,23
17103,29,21,80,16,37,77
17105,75,47,58,9,45,30
17107,65,43,72,20,51,55
17109,27,72,93,68,65,4
17111,7,5,12,31,5,81
17113,8,36,47,1,11,79
17115,69,94,82,27,87,53
17117,80,81,30,64,56,47
17119,81,57,88,17,42,91
17121,100,85,92,71,90,93
17123,67,34,26,40,39,54
17125,54,61,77,66,93,24
17127,101,77,83,54,96,52
17129,39,28,17,39,29,34
17131,44,25,32,23,31,86
17133,1,4,8,7,1,60
17135,77,71,63,61,85,46
17137,63,87,69,29,77,68
17139,12,39,19,94,10,69
17141,35,19,57,48,20,84
17143,78,82,94,5,84,59
17145,26,48,78,62,83,89
17147,19,1,6,6,7,32
17149,82,60,85,79,73,7
17151,56,90,16,101,86,51
17153,90,102,99,76,98,63
17155,56,20,9,33,64,35
17157,72,42,71,80,59,66
17159,79,66,40,58,48,28
17161,41,54,81,21,63,73
17163,88,97,100,57,79,97
17165,97,98,97,100,97,70
17167,59,95,79,2,61,36
17169,89,58,35,73,36,1
17171,94,32,20,50,46,43
17173,21,56,51,46,17,56
17175,83,17,29,52,75,8
17177,36,92,73,49,72,40
17179,33,8,38,8,23,62
17181,87,49,89,53,88,41
17183,99,100,102,91,101,50
17185,6,44,64,67,47,39
17187,31,37,14,56,26,21
17189,50,15,31,19,6,80
17191,49,68,62,28,74,16
17193,85,70,59,82,25,37
17195,51,13,52,32,38,15
17197,13,16,7,60,9,99
17199,60,65,43,37,66,83
17201,86,96,90,47,100,92
17203,15,2,3,3,4,65
18001,27,58,53,68,22,54
18003,48,66,61,32,52,65
18005,32,23,17,19,17,71
18007,16,27,38,35,43,4
18009,78,70,56,49,59,46
18011,6,4,2,2,1,52
18013,39,16,4,40,25,45
18015,15,36,35,59,23,15
18017,75,76,44,53,61,35
18019,73,77,79,50,51,56
18021,68,67,57,76,67,33
18023,58,41,63,52,39,14
18025,88,89,75,85,90,49
18027,37,40,45,91,31,18
18029,46,14,42,34,46,51
18031,34,19,28,78,18,67
18033,25,28,29,64,15,47
18035,83,90,59,22,78,34
18037,5,11,5,7,7,25
18039,28,44,54,58,28,70
18041,92,85,86,47,88,41
18043,42,55,71,12,29,60
18045,50,38,58,63,54,8
18047,7,12,36,21,38,38
18049,66,60,50,55,50,27
18051,53,43,13,17,13,53
18053,86,92,83,46,80,79
18055,45,59,85,77,65,42
18057,1,1,1,1,3,81
18059,9,7,14,3,6,63
18061,41,34,51,30,35,80
18063,2,2,3,5,2,89
18065,57,74,26,51,56,19
18067,85,61,78,16,86,82
18069,31,51,39,26,26,64
18071,72,49,65,18,42,22
18073,52,26,33,74,47,48
18075,87,87,80,66,58,21
18077,63,68,84,48,77,36
18079,90,79,90,38,74,83
18081,17,13,8,9,10,73
18083,70,71,70,31,45,55
18085,21,17,31,60,9,87
18087,10,8,19,92,14,2
18089,62,82,47,81,91,92
18091,69,73,92,42,87,74
18093,38,53,24,20,63,78
18095,67,91,88,39,83,40
18097,76,69,68,36,92,88
18099,19,35,76,62,33,90
18101,18,62,73,70,19,12
18103,30,81,91,72,68,58
18105,4,45,16,6,53,61
18107,55,18,22,24,37,7
18109,36,50,43,15,48,66
18111,84,57,48,89,71,26
18113,33,9,41,75,21,75
18115,22,3,12,69,40,16
18117,61,56,67,44,73,23
18119,64,65,34,54,76,10
18121,29,46,69,87,72,20
18123,43,47,72,29,62,30
18125,47,72,40,80,27,39
18127,23,31,25,33,41,85
18129,20,15,20,13,11,69
18131,77,52,21,82,32,28
18133,26,10,11,45,57,6
18135,80,80,62,67,70,84
18137,49,33,37,61,30,37
18139,51,42,55,71,36,86
18141,44,64,60,10,64,91
18143,91,83,66,84,81,24
18145,65,25,52,57,49,59
18147,24,5,7,23,16,43
18149,79,63,77,83,75,68
18151,3,21,30,37,20,13
18153,74,48,64,90,89,72
18155,56,86,89,88,82,57
18157,11,75,46,14,44,3
18159,35,20,10,41,12,11
18161,81,30,6,79,60,17
18163,59,88,81,8,66,77
18165,54,39,49,86,85,9
18167,60,84,87,73,79,32
18169,71,54,32,25,55,50
18171,13,6,27,56,24,1
18173,12,24,15,4,5,76
18175,82,37,82,65,69,44
18177,89,78,74,43,84,29
18179,14,32,23,28,4,62
18181,40,22,9,27,34,5
18183,8,29,18,11,8,31
19001,44,55,40,14,51,23
19003,57,47,21,27,28,11
19005,20,41,61,72,81,33
19007,82,99,90,81,91,64
19009,99,19,46,51,54,18
19011,43,26,36,78,42,96
19013,75,73,94,8,86,73
19015,13,56,62,26,23,70
19017,3,14,3,17,5,47
19019,34,5,54,58,44,66
19021,9,70,33,89,73,25
19023,63,9,52,67,17,88
19025,72,84,79,45,45,55
19027,45,3,39,11,6,31
19029,86,58,70,41,87,24
19031,2,1,22,42,21,80
19033,81,71,50,3,58,27
19035,40,66,72,70,27,15
19037,60,28,28,31,30,22
19039,98,87,82,83,80,93
19041,14,34,41,16,69,7
19043,21,21,43,65,72,52
19045,73,94,86,62,93,82
19047,51,89,71,99,95,43
19049,4,4,4,20,1,65
19051,53,61,27,98,62,39
19053,94,93,91,69,89,41
19055,12,20,32,34,20,97
19057,74,95,98,63,97,90
19059,19,18,5,6,38,17
19061,18,25,75,88,40,78
19063,67,90,96,36,68,4
19065,55,46,58,54,79,87
19067,38,77,64,85,67,21
19069,52,85,87,77,50,34
19071,97,30,74,94,43,57
19073,68,91,66,25,60,45
19075,32,7,1,13,8,51
19077,10,52,53,71,32,60
19079,46,39,23,76,36,62
19081,6,45,14,39,12,16
19083,24,37,63,19,48,44
19085,33,57,73,40,19,58
19087,28,76,76,43,61,79
19089,27,60,31,49,33,20
19091,71,31,49,52,47,37
19093,26,63,26,91,15,2
19095,35,12,8,33,11,67
19097,50,43,47,84,65,98
19099,66,68,42,21,46,75
19101,23,54,6,90,74,46
19103,11,50,16,1,31,94
19105,16,38,57,37,55,72
19107,65,44,56,87,66,77
19109,7,24,38,50,18,9
19111,93,97,97,75,99,89
19113,36,27,67,10,53,95
19115,91,78,78,97,77,85
19117,64,23,55,60,52,71
19119,29,11,11,73,2,6
19121,30,8,44,32,26,86
19123,42,59,77,29,71,69
19125,39,29,34,4,13,84
19127,54,72,48,46,98,28
19129,56,36,29,38,29,68
19131,15,17,10,61,10,3
19133,90,64,80,95,84,42
19135,79,80,84,68,64,56
19137,80,88,60,57,88,35
19139,37,79,65,23,83,99
19141,25,16,19,48,24,8
19143,87,13,35,74,34,14
19145,62,74,88,56,63,53
19147,85,32,7,53,35,10
19149,41,35,20,44,7,29
19151,76,83,69,79,25,49
19153,48,62,37,7,56,59
19155,84,92,95,59,70,81
19157,47,67,9,9,37,26
19159,57,40,25,28,82,54
19161,77,33,24,30,22,32
19163,59,86,85,35,90,91
19165,17,22,17,24,9,19
19167,5,6,2,15,3,13
19169,8,42,12,5,4,74
19171,96,82,83,93,75,61
19173,61,65,68,64,39,40
19175,89,49,81,18,92,36
19177,88,2,45,96,76,12
19179,92,96,99,80,94,83
19181,22,15,18,12,14,76
19183,69,53,30,55,41,63
19185,95,75,89,92,78,48
19187,83,69,93,47,96,50
19189,49,48,51,22,49,5
19191,1,10,15,2,16,1
19193,70,98,92,82,85,92
19195,78,51,13,66,59,30
19197,31,81,59,86,57,38
20001,90,73,93,55,100,56
20003,88,43,71,41,65,50
20005,76,84,91,46,91,53
20007,38,57,35,87,82,38
20009,30,74,83,64,86,46
20011,78,100,92,32,98,54
20013,98,34,82,17,72,82
20015,29,69,47,25,39,76
20017,38,54,37,13,52,55
20019,103,36,57,94,99,78
20021,97,101,102,67,87,68
20023,38,75,19,86,36,5
20025,38,87,41,28,49,65
20027,31,59,4,15,40,44
20029,75,38,96,59,75,43
20031,12,17,33,22,83,61
20033,38,16,2,49,35,42
20035,94,96,77,38,89,60
20037,34,102,95,34,88,102
20039,38,76,56,61,74,12
20041,27,93,84,53,58,80
20043,6,13,78,47,70,63
20045,4,62,60,2,38,87
20047,38,91,42,96,43,25
20049,38,98,74,74,92,70
20051,21,21,51,7,19,74
20053,13,42,30,76,60,35
20055,8,86,87,70,79,69
20057,7,66,59,81,62,66
20059,23,50,81,39,68,85
20061,92,95,104,12,85,100
20063,38,19,8,71,16,6
20065,38,31,22,68,37,10
20067,11,32,23,100,67,41
20069,10,3,13,84,1,27
20071,38,71,64,102,4,9
20073,101,90,67,35,80,91
20075,38,47,80,93,33,7
20077,100,58,75,82,84,47
20079,32,39,9,6,46,57
20081,38,35,68,101,18,32
20083,38,15,5,54,10,24
20085,79,28,72,50,45,93
20087,26,2,50,20,17,99
20089,38,44,18,52,66,48
20091,1,1,1,1,2,72
20093,38,81,62,99,63,19
20095,104,9,6,62,56,77
20097,38,14,39,58,34,36
20099,87,103,98,44,90,101
20101,38,61,24,43,22,31
20103,9,41,86,24,54,98
20105,38,12,38,78,27,20
20107,95,68,99,77,102,104
20109,38,10,11,80,15,16
20111,15,85,94,18,69,86
20113,18,8,3,8,9,67
20115,19,11,34,42,24,73
20117,36,30,40,56,25,40
20119,102,33,58,89,29,11
20121,25,7,27,33,30,103
20123,5,56,20,29,7,75
20125,99,99,101,65,103,97
20127,38,46,44,37,42,45
20129,38,79,14,92,94,4
20131,16,5,49,10,3,39
20133,35,97,100,72,97,90
20135,38,52,26,73,20,13
20137,89,49,54,11,53,23
20139,77,45,69,26,73,83
20141,38,48,31,66,57,22
20143,82,22,63,14,26,37
20145,80,89,66,21,78,28
20147,38,67,28,51,23,18
20149,2,6,10,19,5,51
20151,83,23,36,27,47,71
20153,38,80,15,75,11,3
20155,28,27,52,31,76,88
20157,85,94,25,40,28,64
20159,37,53,70,85,55,62
20161,3,24,17,4,31,92
20163,24,20,46,23,41,15
20165,38,65,61,63,71,30
20167,84,55,32,79,61,81
20169,74,77,79,3,59,59
20171,38,51,55,45,13,17
20173,73,88,73,9,93,79
20175,14,92,89,97,95,21
20177,81,78,90,5,81,95
20179,38,37,7,103,21,2
20181,86,70,76,88,51,34
20183,38,29,48,36,14,52
20185,96,60,29,83,77,26
20187,38,64,65,95,50,8
20189,17,18,45,104,44,33
20191,33,72,88,30,64,94
20193,22,25,53,57,6,58
20195,38,26,16,98,48,14
20197,20,4,12,16,8,49
20199,NR,NR,NR,NR,NR,NR
20201,38,63,21,60,12,29
20203,38,40,43,91,32,1
20205,91,83,97,48,96,89
20207,38,82,85,69,101,84
20209,93,104,103,90,104,96
21001,54,60,74,79,61,19
21003,75,83,81,83,50,14
21005,67,8,38,30,5,71
21007,28,50,55,37,88,82
21009,16,59,63,32,45,33
21011,95,69,98,82,101,86
21013,105,113,115,94,110,74
21015,2,2,5,2,2,87
21017,47,36,14,41,37,92
21019,74,78,66,8,76,75
21021,43,32,9,12,25,4
21023,94,80,46,52,46,39
21025,118,118,112,102,118,50
21027,45,41,10,81,57,99
21029,11,5,18,27,22,105
21031,83,39,49,96,72,70
21033,44,26,30,19,48,83
21035,4,22,23,49,23,29
21037,26,17,15,4,6,55
21039,66,21,31,57,40,56
21041,99,61,47,101,74,98
21043,76,79,93,54,108,46
21045,91,86,109,120,80,8
21047,65,76,104,24,52,35
21049,69,34,12,13,31,25
21051,106,120,117,119,119,66
21053,31,85,65,116,91,51
21055,68,55,34,109,92,60
21057,37,52,57,117,68,2
21059,17,15,6,7,19,119
21061,19,23,32,97,63,72
21063,84,112,118,67,112,13
21065,114,93,103,103,90,57
21067,6,9,21,3,28,32
21069,73,40,64,80,58,5
21071,113,114,102,68,103,101
21073,51,57,26,44,27,45
21075,96,100,111,74,102,43
21077,108,45,45,85,78,41
21079,40,62,48,58,38,69
21081,86,63,76,33,77,96
21083,30,44,78,87,47,90
21085,87,72,96,66,94,102
21087,24,42,35,106,32,17
21089,34,68,42,22,42,103
21091,14,20,36,6,8,94
21093,15,19,71,14,13,73
21095,112,115,97,118,111,48
21097,72,29,33,40,43,44
21099,35,64,58,76,55,9
21101,36,84,50,25,26,107
21103,27,27,8,50,36,61
21105,12,71,24,86,69,68
21107,63,35,44,18,44,118
21109,85,102,113,77,114,65
21111,48,28,41,9,86,104
21113,21,37,17,28,20,93
21115,98,92,77,63,83,11
21117,41,7,67,11,21,89
21119,111,109,108,111,98,54
21121,100,116,119,104,107,26
21123,8,49,37,72,15,111
21125,61,56,73,59,87,38
21127,88,104,83,62,104,15
21129,116,105,106,107,116,91
21131,103,117,99,113,109,113
21133,107,111,100,105,100,28
21135,110,82,114,93,105,27
21137,79,95,84,99,73,78
21139,80,30,29,61,81,106
21141,29,33,68,47,54,97
21143,18,4,2,36,29,63
21145,22,38,43,5,62,85
21147,104,119,120,110,99,95
21149,82,91,53,34,24,117
21151,25,46,27,20,14,22
21153,93,106,105,108,115,49
21155,33,73,87,31,65,12
21157,50,6,16,29,18,88
21159,102,108,101,115,96,30
21161,71,24,80,26,70,58
21163,20,16,56,48,10,120
21165,101,48,59,69,113,84
21167,49,53,7,55,33,52
21169,59,66,62,65,79,3
21171,92,75,79,114,51,6
21173,38,74,69,17,60,10
21175,58,98,94,91,95,67
21177,42,51,60,60,84,110
21179,32,11,20,10,12,109
21181,77,94,90,100,59,42
21183,46,70,88,42,64,116
21185,1,1,1,1,1,79
21187,39,43,61,39,75,100
21189,120,99,110,98,120,20
21191,64,18,22,51,49,114
21193,119,101,107,70,93,1
21195,89,103,85,73,89,62
21197,117,77,75,75,106,53
21199,78,65,91,46,67,108
21201,70,88,51,95,34,18
21203,97,97,54,89,71,23
21205,53,87,86,45,39,7
21207,90,90,70,88,82,64
21209,10,10,11,16,7,24
21211,5,13,4,53,9,80
21213,56,54,39,56,30,76
21215,7,3,19,23,3,81
21217,23,67,52,35,41,36
21219,60,58,72,112,17,37
21221,13,14,25,64,35,31
21223,81,47,40,71,53,34
21225,57,96,92,78,56,112
21227,9,25,13,38,16,47
21229,52,31,28,43,11,21
21231,55,89,95,84,97,16
21233,62,81,82,90,66,115
21235,115,107,89,21,85,59
21237,109,110,116,92,117,77
21239,3,12,3,15,4,40
22001,24,21,31,27,31,36
22003,22,15,36,47,17,27
22005,1,1,7,3,2,59
22007,15,35,27,39,46,10
22009,53,49,61,49,52,13
22011,37,19,20,44,6,32
22013,48,59,48,28,38,56
22015,5,13,4,13,4,61
22017,42,55,51,2,43,63
22019,29,11,15,6,8,38
22021,49,27,46,64,39,35
22023,3,2,2,26,1,23
22025,38,38,44,56,53,29
22027,27,62,59,55,36,46
22029,60,57,56,34,56,37
22031,16,50,33,38,24,58
22033,30,31,8,1,15,7
22035,56,64,63,60,63,64
22037,46,22,10,17,29,48
22039,50,47,57,29,47,49
22041,40,56,53,62,58,45
22043,13,16,62,32,27,20
22045,36,42,42,20,48,41
22047,33,41,18,16,50,50
22049,17,44,23,48,28,44
22051,14,12,6,19,21,1
22053,44,25,25,31,18,6
22055,4,7,3,5,10,39
22057,9,6,14,37,14,3
22059,20,17,22,57,11,12
22061,7,43,24,14,12,51
22063,18,4,16,23,5,28
22065,61,63,64,40,64,52
22067,64,60,58,41,61,60
22069,52,54,38,22,42,53
22071,31,39,30,11,49,14
22073,32,45,39,8,37,47
22075,8,10,17,53,9,18
22077,47,23,12,33,51,26
22079,43,40,40,10,30,25
22081,62,36,32,58,32,31
22083,35,58,34,46,54,42
22085,21,24,41,61,22,17
22087,51,33,43,52,23,16
22089,6,5,9,9,7,11
22091,58,51,49,59,59,2
22093,28,26,19,12,35,40
22095,39,34,26,21,33,54
22097,59,48,52,18,60,55
22099,26,14,28,24,26,34
22101,25,37,29,30,45,21
22103,2,3,1,7,3,33
22105,41,29,50,43,41,22
22107,57,61,60,54,62,43
22109,23,18,54,42,25,8
22111,34,30,11,51,44,57
22113,10,28,21,36,19,5
22115,19,8,47,45,16,4
22117,63,52,55,35,55,24
22119,55,53,35,25,34,62
22121,11,20,13,15,20,9
22123,45,32,45,63,57,19
22125,12,9,5,4,13,15
22127,54,46,37,50,40,30
23001,10,11,11,6,11,13
23003,13,16,12,11,12,10
23005,1,2,1,1,1,14
23007,6,12,7,5,9,4
23009,2,6,4,7,5,5
23011,9,5,8,2,6,12
23013,5,1,5,3,4,3
23015,7,8,3,14,7,6
23017,11,7,14,10,13,16
23019,12,13,10,8,8,9
23021,14,15,13,13,14,2
23023,4,3,2,9,2,7
23025,15,9,16,15,15,11
23027,3,10,9,12,10,8
23029,16,14,15,16,16,1
23031,8,4,6,4,3,15
24001,20,21,20,13,19,3
24003,7,10,10,11,7,15
24005,15,12,8,8,12,24
24009,12,4,11,7,5,7
24011,18,18,21,22,18,21
24013,5,2,4,5,2,20
24015,21,13,16,17,17,22
24017,14,15,14,19,10,12
24019,22,23,22,16,22,8
24021,3,9,3,12,4,19
24023,10,16,15,18,14,1
24025,8,8,9,4,9,23
24027,2,3,2,1,1,18
24029,11,20,7,10,16,14
24031,1,1,1,2,3,13
24033,9,14,12,24,13,9
24035,13,6,5,6,6,6
24037,6,5,18,23,8,2
24039,23,22,24,20,23,16
24041,4,7,6,3,11,5
24043,16,17,17,14,15,11
24045,19,19,19,15,20,10
24047,17,11,13,9,21,17
24510,24,24,23,21,24,4
25001,12,4,2,3,9,5
25003,14,10,8,5,11,7
25005,11,12,13,12,12,6
25007,4,1,4,13,10,2
25009,7,9,3,11,8,13
25011,8,5,9,6,7,9
25013,13,14,14,10,14,14
25015,5,7,6,1,3,4
25017,2,3,1,4,2,11
25019,1,2,7,14,4,1
25021,3,6,5,2,1,10
25023,9,8,12,8,5,8
25025,6,13,10,9,13,3
25027,10,11,11,7,6,12
26001,72,49,19,61,66,21
26003,6,39,7,18,78,1
26005,18,19,16,32,13,79
26007,33,33,31,19,55,25
26009,17,16,17,67,33,16
26011,62,62,62,73,71,34
26013,80,45,79,22,76,19
26015,15,12,24,37,10,80
26017,48,30,52,59,47,46
26019,26,8,30,38,27,26
26021,53,68,29,29,46,73
26023,64,29,65,71,40,71
26025,70,70,75,14,62,56
26027,46,28,49,52,22,82
26029,21,7,9,15,14,41
26031,32,48,35,65,75,24
26033,22,63,83,72,60,30
26035,75,61,80,81,73,48
26037,2,5,11,13,2,44
26039,83,76,33,41,63,12
26041,37,44,28,12,44,20
26043,40,52,10,3,15,23
26045,20,13,40,23,9,70
26047,13,20,6,5,11,17
26049,79,80,76,44,74,83
26051,60,67,56,75,65,52
26053,38,51,47,28,57,4
26055,12,6,15,4,8,45
26057,25,57,74,35,38,37
26059,54,14,61,74,31,54
26061,29,31,34,34,36,2
26063,66,21,21,46,24,53
26065,34,77,50,16,26,51
26067,14,25,58,58,18,74
26069,76,34,26,47,64,14
26071,74,72,13,42,58,10
26073,27,73,68,62,34,58
26075,61,65,73,24,43,61
26077,28,36,59,10,23,76
26079,56,43,51,80,69,39
26081,10,18,12,17,12,68
26083,43,41,27,36,79,27
26085,52,83,70,82,83,50
26087,23,17,14,64,21,65
26089,3,1,3,27,4,11
26091,30,24,53,25,17,77
26093,5,2,4,8,3,81
26095,43,75,63,31,51,3
26097,71,69,54,68,77,5
26099,47,66,46,60,28,66
26101,59,22,8,33,54,18
26103,24,35,37,2,16,15
26105,36,55,20,21,32,32
26107,16,53,67,45,53,63
26109,9,11,32,40,29,13
26111,8,9,23,6,7,38
26113,19,40,45,48,37,22
26115,58,15,39,53,19,59
26117,45,42,71,51,39,57
26119,77,38,38,55,80,33
26121,63,78,81,9,48,55
26123,31,56,55,43,42,49
26125,11,4,1,11,5,64
26127,39,74,42,63,70,40
26129,73,46,69,77,72,36
26131,69,50,18,70,61,8
26133,51,64,78,76,50,28
26135,82,71,60,83,67,35
26137,65,32,25,30,30,7
26139,1,3,5,7,1,67
26141,68,23,22,56,52,6
26143,78,58,41,57,81,29
26145,67,81,77,39,59,69
26147,57,37,48,66,35,62
26149,55,59,66,69,25,72
26151,50,27,36,79,45,60
26153,7,79,43,49,68,9
26155,35,54,64,26,20,42
26157,42,26,44,54,41,47
26159,49,47,57,50,56,75
26161,4,10,2,1,6,43
26163,81,82,82,78,82,78
26165,41,60,72,20,49,31
27001,85,77,33,76,82,49
27003,28,53,22,44,15,87
27005,63,54,74,50,56,78
27007,81,83,86,68,86,24
27009,47,64,72,59,43,64
27011,50,58,53,41,62,12
27013,31,74,79,18,19,73
27015,36,12,11,2,29,33
27017,61,48,83,52,54,60
27019,2,2,2,29,1,61
27021,86,85,76,79,85,38
27023,30,29,62,28,52,10
27025,21,30,30,43,28,83
27027,33,57,43,32,37,45
27029,78,72,84,72,83,36
27031,50,86,21,35,27,7
27033,23,68,70,25,44,44
27035,49,38,63,15,71,37
27037,7,24,10,16,9,85
27039,27,6,54,17,10,51
27041,40,47,25,3,14,32
27043,77,36,28,74,66,55
27045,38,11,23,47,25,62
27047,65,61,66,69,61,57
27049,32,28,42,37,22,71
27051,79,70,51,62,24,18
27053,25,40,5,13,45,84
27055,12,14,8,6,32,70
27057,62,51,40,63,80,30
27059,64,26,52,38,42,74
27061,59,78,67,39,76,58
27063,18,66,26,24,12,29
27065,75,62,82,54,79,50
27067,39,49,38,36,70,77
27069,50,16,57,85,16,4
27071,71,84,49,75,84,3
27073,17,15,31,78,35,2
27075,73,37,16,20,17,27
27077,50,52,32,80,50,6
27079,14,10,29,40,41,69
27081,50,13,6,66,34,5
27083,9,50,36,12,40,22
27085,10,35,34,31,33,48
27087,87,87,87,86,87,31
27089,68,39,48,51,47,16
27091,45,22,27,49,59,53
27093,26,23,46,48,31,43
27095,83,82,78,77,81,59
27097,43,44,59,73,67,40
27099,37,69,47,53,63,56
27101,24,20,18,60,20,21
27103,1,18,9,5,6,39
27105,20,60,68,56,73,35
27107,80,71,73,58,72,14
27109,11,19,3,1,8,25
27111,41,17,13,67,46,26
27113,57,32,15,14,57,52
27115,76,81,85,83,78,81
27117,72,33,50,64,49,41
27119,67,55,77,33,69,76
27121,35,42,12,42,7,17
27123,48,80,20,27,75,79
27125,50,1,81,65,65,11
27127,66,75,55,61,48,13
27129,60,79,58,55,55,34
27131,16,21,17,21,53,80
27133,44,56,7,7,18,66
27135,58,34,60,84,21,47
27137,69,76,71,10,68,63
27139,5,7,4,26,4,82
27141,13,9,35,34,11,67
27143,29,4,56,82,30,42
27145,22,63,37,19,39,46
27147,19,41,19,11,38,72
27149,3,27,14,23,3,19
27151,82,25,80,71,64,8
27153,34,45,69,87,60,28
27155,50,46,61,70,51,1
27157,4,8,44,8,13,54
27159,84,73,75,81,77,20
27161,15,43,39,46,58,65
27163,8,3,1,4,2,75
27165,74,65,65,57,74,23
27167,70,31,41,9,26,15
27169,42,67,45,22,23,86
27171,6,5,24,30,5,68
27173,46,59,64,45,36,9
28001,61,57,57,14,69,4
28003,53,30,28,32,10,29
28005,16,40,36,72,55,5
28007,42,46,30,17,49,11
28009,65,25,19,36,65,79
28011,59,68,69,59,60,63
28013,23,55,40,62,30,50
28015,21,11,8,34,29,41
28017,39,56,60,42,41,39
28019,48,39,29,20,44,34
28021,73,79,78,73,75,65
28023,58,33,6,55,43,28
28025,5,62,56,11,38,66
28027,76,78,79,21,74,75
28029,27,64,53,29,52,52
28031,55,51,55,27,39,22
28033,6,3,3,7,4,60
28035,46,32,14,13,20,37
28037,45,18,5,31,42,1
28039,30,6,31,61,37,2
28041,24,1,9,65,36,7
28043,75,45,46,16,35,72
28045,8,5,15,38,26,74
28047,17,14,48,28,16,30
28049,41,44,35,8,45,82
28051,71,77,82,22,81,32
28053,33,76,73,56,76,48
28055,44,82,64,74,80,67
28057,14,16,17,33,8,23
28059,9,10,13,19,17,45
28061,38,53,50,41,46,55
28063,77,80,81,68,82,8
28065,80,73,68,48,67,77
28067,36,37,34,44,18,46
28069,57,74,66,80,53,33
28071,3,8,11,2,5,43
28073,2,7,4,3,2,15
28075,34,31,25,6,31,35
28077,64,29,47,58,32,47
28079,29,41,65,67,63,44
28081,15,19,12,4,6,69
28083,79,72,72,12,79,68
28085,32,22,41,18,21,25
28087,19,23,7,9,15,70
28089,1,4,1,1,3,73
28091,62,52,26,63,47,17
28093,50,27,44,40,59,59
28095,18,36,42,25,12,58
28097,68,54,43,23,61,24
28099,81,26,62,81,54,18
28101,37,50,22,66,25,38
28103,47,59,61,70,71,27
28105,10,35,10,10,9,61
28107,54,38,59,46,50,42
28109,35,9,38,37,27,3
28111,22,21,32,76,57,16
28113,63,65,58,30,66,13
28115,12,13,20,39,13,57
28117,52,43,52,24,22,21
28119,69,81,80,69,77,49
28121,4,2,2,5,1,62
28123,66,63,71,82,48,9
28125,82,75,76,78,64,53
28127,25,47,49,54,28,76
28129,40,17,18,64,19,54
28131,26,20,27,35,33,6
28133,72,71,77,57,72,81
28135,31,70,67,53,62,10
28137,28,12,23,45,34,71
28139,51,34,39,52,11,19
28141,67,24,24,60,24,26
28143,70,61,74,51,58,78
28145,7,15,21,26,7,51
28147,11,60,37,77,68,14
28149,56,48,51,15,51,40
28151,74,66,63,49,73,80
28153,20,49,54,79,56,56
28155,13,28,16,50,14,64
28157,78,67,70,71,78,12
28159,43,58,45,47,40,20
28161,49,42,33,75,23,36
28163,60,69,75,43,70,31
29001,46,92,37,3,68,55
29003,12,9,6,22,11,85
29005,34,3,15,76,3,6
29007,56,88,82,24,72,47
29009,79,71,97,74,54,63
29011,29,84,27,97,74,46
29013,66,35,51,96,75,18
29015,85,70,35,79,104,38
29017,80,63,74,84,71,44
29019,4,24,26,2,9,87
29021,55,85,108,14,83,88
29023,96,111,109,81,106,94
29025,38,54,64,77,27,80
29027,21,33,41,13,46,78
29029,43,19,3,20,86,68
29031,32,66,19,8,19,101
29033,53,53,54,41,40,17
29035,112,62,88,108,107,49
29037,14,6,14,23,12,96
29039,65,72,95,68,79,19
29041,22,32,16,66,13,13
29043,7,11,12,12,5,83
29045,18,28,31,104,45,35
29047,6,4,5,10,6,65
29049,23,13,23,21,20,81
29051,16,21,40,4,10,59
29053,28,37,28,19,21,52
29055,89,98,104,83,92,91
29057,72,79,47,48,42,14
29059,90,60,71,105,91,58
29061,1,17,99,101,49,16
29063,41,8,57,58,47,36
29065,64,97,25,109,82,30
29067,81,58,86,99,90,73
29069,108,115,115,93,113,107
29071,68,25,38,11,31,104
29073,58,23,18,27,38,82
29075,31,22,17,52,7,9
29077,45,27,42,7,33,89
29079,97,55,56,44,57,24
29081,40,68,78,67,61,22
29083,73,76,62,45,84,37
29085,104,105,48,95,97,60
29087,59,7,20,54,8,28
29089,54,87,21,31,30,21
29091,67,93,100,25,80,95
29093,103,101,39,87,105,71
29095,57,44,89,17,85,105
29097,63,46,75,18,50,76
29099,70,39,22,32,18,114
29101,10,18,80,42,17,53
29103,59,43,30,78,63,48
29105,86,83,93,80,67,77
29107,44,14,24,55,26,40
29109,91,52,65,53,62,43
29111,102,69,45,82,34,26
29113,47,30,90,64,44,113
29115,101,77,44,49,88,8
29117,33,65,77,28,32,11
29119,83,94,87,114,95,98
29121,36,42,29,26,36,20
29123,92,95,70,65,66,45
29125,74,38,53,63,53,39
29127,25,64,59,36,37,67
29129,59,48,33,86,28,5
29131,35,78,91,40,70,54
29133,111,114,113,106,109,109
29135,9,5,73,43,22,15
29137,27,29,7,46,56,41
29139,88,50,34,62,60,102
29141,84,80,68,91,87,23
29143,110,112,111,107,108,103
29145,52,36,43,71,51,57
29147,3,40,79,16,14,34
29149,106,103,83,103,100,97
29151,11,10,4,9,4,12
29153,95,107,67,85,103,75
29155,115,113,114,111,114,110
29157,19,15,36,47,15,93
29159,42,56,98,70,81,62
29161,77,61,58,38,64,64
29163,50,73,92,89,58,69
29165,2,2,10,5,1,92
29167,30,34,60,35,73,74
29169,39,31,76,61,24,1
29171,93,90,32,51,48,3
29173,8,47,11,73,16,79
29175,51,74,103,29,78,70
29177,75,20,63,72,55,51
29179,87,100,61,88,69,27
29181,114,110,110,115,111,33
29183,5,1,2,6,2,108
29185,26,75,81,100,98,72
29186,15,41,50,75,41,84
29187,82,67,105,15,76,99
29189,37,26,1,1,25,115
29195,20,89,69,37,52,29
29197,13,59,84,30,96,66
29199,17,16,72,102,35,32
29201,94,106,107,57,93,106
29203,78,109,106,92,112,25
29205,98,51,8,59,23,7
29207,76,96,85,94,77,100
29209,100,57,13,50,89,56
29211,48,86,52,90,39,2
29213,71,82,55,56,94,31
29215,69,91,96,110,101,61
29217,99,49,49,60,65,10
29219,49,12,46,33,43,111
29221,107,104,94,112,99,90
29223,105,102,101,113,110,42
29225,24,45,66,69,59,86
29227,59,81,9,34,29,4
29229,109,99,102,98,102,50
29510,113,108,112,39,115,112
30001,4,25,14,1,17,42
30003,48,45,47,47,47,33
30005,44,46,45,45,37,37
30007,24,1,23,27,24,27
30009,15,6,10,22,21,14
30011,NR,NR,NR,NR,NR,NR
30013,17,34,24,7,25,35
30015,14,44,40,40,29,6
30017,6,18,32,8,13,12
30019,24,11,17,35,6,19
30021,3,4,26,20,15,21
30023,41,42,33,13,39,30
30025,24,14,30,38,1,25
30027,10,19,21,10,23,11
30029,9,9,6,6,26,47
30031,2,7,4,5,2,28
30033,NR,NR,NR,NR,NR,NR
30035,46,48,46,48,48,24
30037,NR,NR,NR,NR,NR,NR
30039,24,31,1,32,33,15
30041,39,38,44,23,34,22
30043,7,10,5,12,20,38
30045,24,21,25,15,16,3
30047,40,43,38,34,38,46
30049,13,16,7,4,14,34
30051,NR,NR,NR,NR,NR,NR
30053,23,27,15,28,44,45
30055,24,12,11,36,3,5
30057,5,3,3,37,8,23
30059,24,33,29,42,31,4
30061,24,36,19,19,45,41
30063,8,22,16,2,10,48
30065,24,37,20,30,41,26
30067,18,17,8,18,9,32
30069,NR,NR,NR,NR,NR,NR
30071,24,24,41,44,27,18
30073,22,30,42,24,32,13
30075,NR,NR,NR,NR,NR,NR
30077,12,32,37,29,36,16
30079,24,15,36,31,22,2
30081,11,20,12,26,28,44
30083,20,2,31,14,7,20
30085,47,47,48,43,46,17
30087,45,41,43,39,40,36
30089,42,40,28,33,43,40
30091,24,8,39,25,4,10
30093,38,39,18,9,35,39
30095,1,23,2,11,5,8
30097,24,5,9,16,11,9
30099,19,29,13,21,18,29
30101,43,35,27,41,30,31
30103,NR,NR,NR,NR,NR,NR
30105,21,13,35,17,12,7
30107,24,26,34,46,42,1
30109,NR,NR,NR,NR,NR,NR
30111,16,28,22,3,19,43
31001,68,47,48,4,56,73
31003,27,22,14,55,19,57
31005,NR,NR,NR,NR,NR,NR
31007,NR,NR,NR,NR,NR,NR
31009,NR,NR,NR,NR,NR,NR
31011,29,12,21,32,5,56
31013,24,51,73,37,68,10
31015,29,27,39,53,63,7
31017,29,58,52,42,72,18
31019,11,41,31,7,29,45
31021,67,50,74,40,64,61
31023,26,18,23,5,20,60
31025,14,29,70,25,27,78
31027,17,1,11,52,24,49
31029,29,24,29,77,4,43
31031,29,52,25,60,28,1
31033,66,48,9,46,46,9
31035,23,49,60,51,50,72
31037,25,40,45,49,39,41
31039,2,8,7,45,18,46
31041,19,35,46,70,25,50
31043,16,62,78,75,78,53
31045,21,46,26,35,67,26
31047,18,69,41,73,57,38
31049,29,38,22,74,61,13
31051,29,9,24,47,31,79
31053,64,55,79,24,51,55
31055,28,75,56,1,73,76
31057,29,71,59,79,54,21
31059,29,5,10,12,30,28
31061,29,43,32,41,60,31
31063,29,23,71,57,37,14
31065,29,32,58,61,34,33
31067,77,37,64,8,70,48
31069,29,59,20,72,21,23
31071,29,64,6,63,17,5
31073,29,66,3,20,41,12
31075,NR,NR,NR,NR,NR,NR
31077,29,68,63,76,42,8
31079,61,72,65,34,76,64
31081,9,6,2,6,2,35
31083,29,57,49,22,22,19
31085,NR,NR,NR,NR,NR,NR
31087,29,73,76,54,79,15
31089,4,3,15,58,38,42
31091,NR,NR,NR,NR,NR,NR
31093,29,20,50,38,36,32
31095,5,26,61,36,58,62
31097,76,39,72,66,77,58
31099,62,31,38,21,9,37
31101,69,76,19,56,66,16
31103,NR,NR,NR,NR,NR,NR
31105,29,77,43,67,69,4
31107,65,45,36,48,59,29
31109,13,34,8,2,43,66
31111,72,70,66,59,52,36
31113,NR,NR,NR,NR,NR,NR
31115,NR,NR,NR,NR,NR,NR
31117,NR,NR,NR,NR,NR,NR
31119,73,63,57,13,33,47
31121,15,36,62,30,35,44
31123,29,78,51,69,49,6
31125,29,17,37,62,44,27
31127,75,13,55,16,62,52
31129,29,16,18,18,40,17
31131,7,65,42,26,45,80
31133,29,74,33,43,65,40
31135,29,25,1,65,1,11
31137,6,11,34,17,6,65
31139,79,4,27,19,12,70
31141,10,19,44,9,32,75
31143,29,2,17,15,14,25
31145,60,60,69,28,26,34
31147,74,44,77,64,53,67
31149,29,61,28,71,23,2
31151,20,53,67,50,71,51
31153,8,10,13,11,7,74
31155,22,33,30,27,13,71
31157,70,80,75,39,75,24
31159,12,14,5,31,3,59
31161,78,54,68,78,74,3
31163,29,67,53,68,48,39
31165,NR,NR,NR,NR,NR,NR
31167,29,56,54,3,8,54
31169,71,28,16,44,10,30
31171,NR,NR,NR,NR,NR,NR
31173,80,79,80,80,80,69
31175,29,21,12,33,55,20
31177,3,7,4,10,15,68
31179,1,15,35,14,11,77
31181,29,30,47,29,47,22
31183,NR,NR,NR,NR,NR,NR
31185,63,42,40,23,16,63
32001,11,7,12,6,8,12
32003,5,8,4,10,11,15
32005,2,4,1,3,2,13
32007,6,2,6,7,1,2
32009,NR,NR,NR,NR,NR,NR
32011,NR,NR,NR,NR,NR,NR
32013,12,6,10,15,5,6
32015,10,10,7,8,7,1
32017,1,1,5,14,6,4
32019,8,13,15,9,12,11
32021,14,15,14,11,15,5
32023,15,14,11,12,14,10
32027,3,9,13,13,9,9
32029,9,5,2,1,4,7
32031,4,3,3,2,3,14
32033,7,12,8,4,10,3
32510,13,11,9,5,13,8
33001,8,7,6,4,6,4
33003,9,3,4,8,5,3
33005,6,4,7,5,7,10
33007,10,10,10,9,10,1
33009,1,6,2,3,2,2
33011,5,5,5,6,8,7
33013,3,2,3,2,3,6
33015,2,1,1,1,1,9
33017,7,8,9,10,4,8
33019,4,9,8,7,9,5
34001,19,19,17,16,18,9
34003,1,5,2,4,4,8
34005,12,12,7,6,7,21
34007,17,18,19,13,16,13
34009,18,11,18,7,19,1
34011,21,21,21,20,21,17
34013,15,16,15,17,20,16
34015,16,14,16,14,10,20
34017,6,15,13,21,14,2
34019,3,1,4,3,1,15
34021,10,10,10,9,11,4
34023,5,7,5,8,9,11
34025,8,8,8,5,6,14
34027,2,2,3,1,2,12
34029,14,6,12,12,12,5
34031,9,20,14,18,17,18
34033,20,17,20,19,15,19
34035,4,4,1,2,3,3
34037,11,3,9,10,5,10
34039,7,13,6,15,13,7
34041,13,9,11,11,8,6
35001,6,15,3,2,12,26
35003,16,4,12,16,19,1
35005,15,16,23,23,18,16
35006,24,31,31,24,29,15
35007,26,32,16,7,16,10
35009,9,13,29,8,5,23
35011,16,20,19,25,13,7
35013,2,19,13,15,15,32
35015,22,3,21,13,6,29
35017,11,17,5,3,10,19
35019,21,7,9,28,14,11
35021,NR,NR,NR,NR,NR,NR
35023,5,30,10,21,17,20
35025,12,11,24,31,4,31
35027,28,9,6,22,8,17
35028,1,1,1,1,1,2
35029,14,24,28,29,32,13
35031,32,27,32,30,31,28
35033,16,26,11,9,21,5
35035,8,6,27,12,11,21
35037,29,12,15,5,22,4
35039,31,28,20,19,25,12
35041,7,10,25,32,9,14
35043,4,5,7,6,2,30
35045,27,21,30,20,24,24
35047,20,29,18,17,26,18
35049,3,8,2,4,7,22
35051,30,14,8,27,30,6
35053,25,23,26,18,27,3
35055,13,25,4,10,23,8
35057,23,22,22,14,28,25
35059,16,2,14,26,3,9
35061,10,18,17,11,20,27
36001,15,44,18,5,8,39
36003,49,34,46,50,48,34
36005,36,62,43,62,62,57
36007,51,49,32,17,50,17
36009,47,60,49,58,55,52
36011,26,13,35,40,38,14
36013,60,61,55,20,56,56
36015,59,29,53,14,51,7
36017,56,25,41,29,46,11
36019,22,38,45,38,28,1
36021,38,7,11,43,14,16
36023,43,31,38,13,33,29
36025,39,32,27,44,53,10
36027,13,28,17,24,9,60
36029,46,59,51,16,36,61
36031,9,14,10,19,24,13
36033,18,46,62,31,58,2
36035,35,54,58,52,57,12
36037,58,12,44,30,10,21
36039,57,27,23,56,45,49
36041,27,2,8,18,40,3
36043,30,52,54,39,42,25
36045,29,35,60,21,43,22
36047,8,42,12,60,59,46
36049,41,30,56,34,37,18
36051,21,21,29,42,13,45
36053,11,8,21,28,22,33
36055,24,47,28,15,32,20
36057,54,58,48,59,61,42
36059,3,4,1,2,2,47
36061,1,48,7,3,31,32
36063,55,55,50,53,49,50
36065,48,57,52,27,44,6
36067,34,51,34,7,25,31
36069,20,6,16,8,4,37
36071,17,10,22,37,18,59
36073,53,50,57,57,35,23
36075,50,45,61,32,60,40
36077,23,16,30,12,20,5
36079,6,5,4,22,3,41
36081,4,41,6,61,23,24
36083,31,40,20,23,11,48
36085,12,43,15,26,30,43
36087,5,11,3,10,16,55
36089,33,53,59,47,52,4
36091,7,1,14,6,1,54
36093,37,39,26,9,29,51
36095,19,24,25,36,41,8
36097,44,22,33,46,47,35
36099,62,15,47,49,34,9
36101,40,36,36,33,39,28
36103,14,17,5,25,5,38
36105,61,56,37,55,54,26
36107,16,19,39,35,21,15
36109,10,20,9,4,7,30
36111,28,33,19,54,19,58
36113,32,18,13,1,17,19
36115,42,37,31,51,26,53
36117,45,26,42,48,15,44
36119,2,23,2,11,6,62
36121,25,9,40,41,12,36
36123,52,3,24,45,27,27
37001,34,46,46,60,52,70
37003,51,22,45,85,25,51
37005,38,70,33,67,75,33
37007,94,94,93,84,85,99
37009,17,27,20,56,39,4
37011,32,48,21,91,22,3
37013,82,71,57,29,78,41
37015,91,91,91,81,82,40
37017,92,82,82,99,89,83
37019,45,30,14,16,61,21
37021,19,15,18,2,6,32
37023,69,35,50,31,37,44
37025,9,9,32,17,4,90
37027,56,47,65,46,48,29
37029,8,3,12,61,14,52
37031,47,13,13,14,24,15
37033,79,68,49,75,69,92
37035,41,21,30,15,18,45
37037,7,14,2,10,17,73
37039,87,60,27,74,53,14
37041,72,83,78,12,79,75
37043,84,40,17,53,51,35
37045,86,75,75,42,58,93
37047,95,88,88,88,87,89
37049,71,24,36,4,43,20
37051,63,76,77,43,71,76
37053,12,5,10,76,8,34
37055,13,2,7,22,16,5
37057,55,45,47,48,33,94
37059,30,16,29,21,15,24
37061,16,84,90,96,81,47
37063,6,20,15,7,42,38
37065,97,98,97,62,99,97
37067,27,55,62,11,55,28
37069,40,58,63,77,38,63
37071,60,53,44,40,45,100
37073,93,49,51,59,36,49
37075,44,62,52,95,80,1
37077,23,32,61,35,41,98
37079,37,81,68,98,66,67
37081,26,31,41,19,44,85
37083,90,96,98,72,98,96
37085,36,41,71,90,50,79
37087,57,52,38,30,28,22
37089,11,8,5,23,5,13
37091,59,87,96,32,84,48
37093,39,80,92,92,65,68
37095,14,10,72,54,90,8
37097,22,25,22,20,10,59
37099,48,44,39,51,31,11
37101,10,19,53,78,12,80
37103,46,67,73,36,64,42
37105,80,51,43,68,47,54
37107,76,85,76,79,83,36
37109,33,18,35,33,11,66
37111,52,74,67,52,23,16
37113,54,33,19,26,40,12
37115,31,36,31,38,34,17
37117,83,93,81,55,86,25
37119,5,12,16,18,20,56
37121,53,29,8,34,57,18
37123,29,78,64,86,60,91
37125,28,17,9,6,13,74
37127,85,54,79,37,77,86
37129,18,26,28,5,32,57
37131,89,92,87,58,93,50
37133,42,11,84,25,26,7
37135,1,4,3,1,3,46
37137,49,42,42,13,68,2
37139,50,50,80,39,72,30
37141,62,37,25,63,46,43
37143,43,23,37,45,56,23
37145,75,63,59,27,49,71
37147,25,66,66,8,63,65
37149,15,7,4,44,9,26
37151,61,39,48,57,30,82
37153,88,95,94,97,88,62
37155,99,100,100,100,96,69
37157,74,61,60,66,67,81
37159,73,69,55,64,62,53
37161,68,64,54,47,74,37
37163,70,77,74,94,76,72
37165,96,99,99,71,100,84
37167,64,38,23,50,19,95
37169,67,28,26,83,54,58
37171,77,65,40,73,35,39
37173,98,79,86,89,70,9
37175,21,34,6,9,27,10
37177,24,73,89,87,94,6
37179,4,6,11,28,2,88
37181,100,97,95,69,95,87
37183,2,1,1,3,1,77
37185,65,89,85,93,92,61
37187,78,90,83,70,97,55
37189,3,43,24,24,7,60
37191,58,72,69,80,73,78
37193,66,59,70,65,59,31
37195,81,86,58,82,91,64
37197,35,56,56,49,21,27
37199,20,57,34,41,29,19
38001,19,26,3,2,24,3
38003,14,14,15,7,18,30
38005,47,46,46,40,46,38
38007,NR,NR,NR,NR,NR,NR
38009,43,6,26,28,31,45
38011,19,13,1,26,6,11
38013,19,12,41,23,7,15
38015,3,17,4,6,5,46
38017,1,32,12,9,11,48
38019,19,44,25,14,17,26
38021,19,3,22,29,1,13
38023,19,27,24,41,29,22
38025,44,5,27,37,32,7
38027,19,37,39,13,45,6
38029,19,34,5,43,44,4
38031,19,8,21,16,2,20
38033,NR,NR,NR,NR,NR,NR
38035,6,42,17,4,16,47
38037,19,22,10,44,36,5
38039,19,23,8,36,9,10
38041,19,39,36,27,38,18
38043,19,41,42,31,43,2
38045,19,7,19,19,10,16
38047,19,21,9,47,27,1
38049,16,9,28,22,39,24
38051,19,33,2,45,40,14
38053,17,29,35,35,35,28
38055,42,31,29,20,26,12
38057,5,30,14,18,15,44
38059,12,25,37,17,34,32
38061,45,36,45,42,33,17
38063,19,24,43,24,19,23
38065,NR,NR,NR,NR,NR,NR
38067,8,28,38,39,37,34
38069,19,45,31,34,41,42
38071,15,43,18,8,30,27
38073,18,15,6,30,13,21
38075,19,16,20,12,22,31
38077,10,11,34,21,25,40
38079,46,48,48,48,48,41
38081,19,4,23,25,8,19
38083,NR,NR,NR,NR,NR,NR
38085,48,47,47,46,47,33
38087,NR,NR,NR,NR,NR,NR
38089,4,20,30,11,12,29
38091,19,10,16,3,4,9
38093,7,40,11,1,28,25
38095,19,38,40,38,20,8
38097,13,1,33,10,3,39
38099,11,35,13,32,42,37
38101,2,18,32,5,14,36
38103,19,2,7,15,21,35
38105,9,19,44,33,23,43
39001,85,85,88,87,88,10
39003,55,67,58,52,54,59
39005,19,27,35,44,19,34
39007,74,61,81,79,77,79
39009,14,79,65,32,73,50
39011,10,21,21,42,4,55
39013,40,56,26,81,52,7
39015,77,52,67,71,60,23
39017,62,41,25,41,41,83
39019,34,43,28,62,49,17
39021,42,24,32,76,37,32
39023,84,71,78,53,71,31
39025,37,20,41,23,24,86
39027,73,46,38,46,59,29
39029,54,51,71,57,48,37
39031,46,53,84,75,65,3
39033,65,54,54,56,43,25
39035,56,82,68,9,81,87
39037,53,16,34,48,16,48
39039,28,12,22,31,20,81
39041,1,1,1,1,1,41
39043,64,49,33,35,44,49
39045,13,19,15,24,15,53
39047,79,57,76,65,61,46
39049,38,60,59,8,46,62
39051,31,14,16,6,18,35
39053,86,81,72,55,82,33
39055,3,7,3,19,7,72
39057,11,37,12,15,23,26
39059,63,69,75,67,78,67
39061,57,72,52,3,63,84
39063,30,32,19,20,12,56
39065,47,62,70,82,38,14
39067,70,31,61,85,58,71
39069,16,9,10,5,29,70
39071,69,70,57,80,67,43
39073,61,35,60,49,50,9
39075,2,2,8,88,21,1
39077,50,33,56,54,45,51
39079,83,88,87,61,75,47
39081,75,77,69,78,70,63
39083,27,25,18,74,34,13
39085,25,23,6,30,32,18
39087,81,86,79,72,69,5
39089,12,50,27,25,26,42
39091,45,45,47,47,28,8
39093,39,39,46,36,62,21
39095,67,76,82,27,83,85
39097,44,30,40,45,27,78
39099,58,78,49,21,76,69
39101,72,63,86,63,64,20
39103,7,3,4,7,9,28
39105,82,84,83,70,85,2
39107,9,5,7,38,5,38
39109,24,10,23,37,13,76
39111,29,58,48,86,74,16
39113,80,73,64,18,72,60
39115,51,75,50,77,80,24
39117,22,28,42,83,40,19
39119,59,68,66,39,56,75
39121,18,15,45,84,57,6
39123,49,17,9,34,35,74
39125,23,22,44,60,25,61
39127,43,55,63,73,66,80
39129,35,40,62,29,39,39
39131,88,83,73,17,87,27
39133,17,36,20,33,33,54
39135,68,47,13,66,30,30
39137,5,8,14,12,2,64
39139,71,64,74,51,51,57
39141,66,80,77,4,68,15
39143,36,42,53,22,31,66
39145,87,87,80,69,84,12
39147,20,48,43,28,36,52
39149,26,11,29,50,22,77
39151,48,44,39,13,53,82
39153,52,66,31,14,47,88
39155,76,65,55,64,79,73
39157,15,29,24,68,42,22
39159,4,4,17,11,3,45
39161,41,34,37,10,11,40
39163,78,74,85,59,86,65
39165,8,6,2,2,6,58
39167,60,59,30,40,55,4
39169,21,18,5,58,17,68
39171,33,13,51,26,14,36
39173,6,26,11,16,10,44
39175,32,38,36,43,8,11
40001,59,76,77,75,75,76
40003,2,2,21,44,17,12
40005,30,70,72,73,61,47
40007,9,24,6,62,10,3
40009,51,38,34,17,20,6
40011,72,32,23,29,27,29
40013,32,42,57,55,29,25
40015,66,59,67,64,52,34
40017,1,3,4,4,1,57
40019,34,64,63,23,47,52
40021,35,72,70,43,51,61
40023,71,77,75,72,76,66
40025,37,13,10,70,14,8
40027,4,9,8,3,5,71
40029,74,45,51,77,67,30
40031,17,48,55,6,54,15
40033,63,39,62,36,44,46
40035,49,41,56,35,43,53
40037,45,22,36,38,34,31
40039,22,19,43,27,9,40
40041,31,62,59,48,55,55
40043,18,30,38,45,6,4
40045,42,5,35,20,16,2
40047,15,26,37,15,28,14
40049,53,69,53,41,38,68
40051,23,20,28,18,18,60
40053,67,1,2,24,3,17
40055,7,44,46,34,59,22
40057,77,66,3,76,41,13
40059,37,36,1,71,7,1
40061,24,33,44,68,66,43
40063,61,35,68,63,62,33
40065,21,50,29,25,32,18
40067,28,73,20,66,60,24
40069,76,71,42,60,49,16
40071,47,47,45,21,65,39
40073,13,4,14,11,2,32
40075,54,51,48,54,57,20
40077,52,53,49,57,71,54
40079,70,58,66,67,72,74
40081,46,31,22,32,26,58
40083,3,14,19,16,22,26
40085,50,57,5,56,21,11
40087,16,10,9,13,4,63
40089,73,67,73,61,74,69
40091,62,63,47,51,77,62
40093,57,21,13,37,8,36
40095,25,34,32,69,45,28
40097,44,56,54,39,37,27
40099,40,29,24,53,35,42
40101,64,65,71,31,64,64
40103,36,6,17,8,15,35
40105,33,40,41,59,46,49
40107,75,60,76,52,73,45
40109,20,43,27,2,48,65
40111,69,61,65,42,68,56
40113,12,23,25,47,42,67
40115,60,68,69,28,53,75
40117,26,52,52,33,33,50
40119,8,28,39,7,19,70
40121,68,37,61,26,58,41
40123,41,49,40,9,23,23
40125,43,25,58,12,50,59
40127,58,75,60,74,69,37
40129,37,18,18,30,24,9
40131,6,11,11,14,11,73
40133,65,54,64,50,63,51
40135,56,74,74,58,70,77
40137,27,46,16,22,40,38
40139,11,15,12,65,31,7
40141,48,55,50,46,56,21
40143,14,27,31,1,30,48
40145,5,17,30,40,13,72
40147,10,16,26,5,39,44
40149,55,7,7,49,36,19
40151,29,8,33,10,12,5
40153,19,12,15,19,25,10
41001,27,16,19,4,25,8
41003,2,4,4,1,2,14
41005,5,2,3,3,3,29
41007,23,12,14,19,10,13
41009,12,3,16,17,13,23
41011,29,20,31,25,34,22
41013,20,23,32,16,29,20
41015,21,18,12,24,35,21
41017,4,5,2,2,6,24
41019,32,27,18,10,30,28
41021,16,30,13,12,5,10
41023,31,15,8,28,31,4
41025,33,19,24,22,23,2
41027,3,6,6,7,4,1
41029,15,24,25,11,20,30
41031,28,35,35,35,28,7
41033,35,29,29,15,32,35
41035,34,34,30,27,33,15
41037,30,33,33,33,26,5
41039,11,22,10,9,19,33
41041,26,31,21,32,24,18
41043,14,11,27,8,12,31
41045,25,32,34,23,27,34
41047,10,21,22,21,17,32
41049,6,28,23,31,18,12
41051,8,14,20,6,9,11
41053,7,9,9,13,8,19
41055,16,13,17,34,11,9
41057,13,8,7,30,16,16
41059,22,25,28,29,22,26
41061,19,26,26,18,14,6
41063,16,7,5,26,21,3
41065,24,17,15,20,15,17
41067,1,1,1,5,1,25
41069,NR,NR,NR,NR,NR,NR
41071,9,10,11,14,7,27
42001,12,32,12,22,8,50
42003,39,6,19,14,20,64
42005,61,31,62,36,36,61
42007,57,20,48,27,62,46
42009,31,12,11,42,22,40
42011,13,57,24,29,33,45
42013,46,36,40,49,26,52
42015,28,25,54,56,27,16
42017,10,3,2,6,5,54
42019,16,1,8,10,6,63
42021,66,59,25,50,53,57
42023,35,50,22,35,50,1
42025,60,51,28,51,55,59
42027,1,8,16,8,3,2
42029,3,4,3,7,1,49
42031,25,34,44,61,25,18
42033,32,53,64,34,57,48
42035,14,19,33,53,40,17
42037,29,56,35,13,29,47
42039,50,52,61,41,31,27
42041,8,7,6,5,2,21
42043,37,60,51,16,45,36
42045,33,33,5,9,21,35
42047,52,16,13,18,15,3
42049,43,64,65,21,54,42
42051,67,66,67,57,65,65
42053,6,55,45,59,66,7
42055,22,15,32,32,18,31
42057,30,35,18,67,28,8
42059,58,54,55,65,52,53
42061,38,41,43,33,59,34
42063,40,46,58,55,39,66
42065,21,42,41,38,30,13
42067,17,22,36,31,12,43
42069,56,58,52,23,49,39
42071,7,17,4,43,7,55
42073,65,63,49,48,56,24
42075,19,23,7,20,19,67
42077,11,47,31,19,41,62
42079,59,61,53,37,64,44
42081,26,37,63,4,32,11
42083,41,65,59,58,60,15
42085,54,44,50,54,46,23
42087,47,29,56,40,47,38
42089,34,49,23,63,44,60
42091,4,2,1,2,4,28
42093,18,9,9,1,11,6
42095,9,28,15,11,23,51
42097,44,62,60,30,61,20
42099,49,13,21,28,10,19
42101,63,67,66,64,67,12
42103,24,26,14,45,43,58
42105,55,39,46,62,63,9
42107,62,48,29,46,51,22
42109,5,27,30,12,16,41
42111,36,24,42,60,42,29
42113,51,10,27,47,48,10
42115,42,38,47,66,35,32
42117,27,11,39,26,58,14
42119,2,5,38,3,9,5
42121,45,43,57,44,38,26
42123,15,45,34,25,24,4
42125,53,14,17,24,13,33
42127,23,21,20,39,34,37
42129,48,40,37,17,14,25
42131,64,18,26,52,37,30
42133,20,30,10,15,17,56
44001,1,1,1,1,1,2
44003,5,4,4,4,4,4
44005,3,3,3,3,3,1
44007,4,5,5,5,5,5
44009,2,2,2,2,2,3
45001,20,20,20,11,23,18
45003,17,11,8,22,11,42
45005,36,44,46,25,46,28
45007,14,15,19,16,10,34
45009,39,31,29,30,40,25
45011,37,32,39,28,35,39
45013,1,1,1,10,8,6
45015,6,7,10,13,5,10
45017,29,17,18,34,22,43
45019,4,6,4,1,6,1
45021,26,30,43,27,16,21
45023,33,26,35,35,36,31
45025,32,29,34,40,18,17
45027,24,27,28,38,37,12
45029,44,37,42,37,32,38
45031,35,41,30,36,29,20
45033,42,42,45,42,44,3
45035,7,5,12,18,4,29
45037,5,12,21,29,17,8
45039,38,36,37,19,39,46
45041,28,35,26,20,20,40
45043,25,18,7,15,26,4
45045,8,2,2,2,2,2
45047,23,22,25,5,25,24
45049,31,40,38,43,30,5
45051,22,19,13,31,27,9
45053,18,34,33,46,31,11
45055,15,9,16,8,13,22
45057,13,13,5,33,14,30
45059,27,33,31,23,28,45
45061,41,46,44,41,42,41
45063,9,10,11,6,3,7
45065,46,25,9,4,34,13
45067,40,45,41,44,43,19
45069,43,39,40,39,45,44
45071,10,21,23,21,15,16
45073,16,4,14,12,12,15
45075,34,38,27,26,38,37
45077,12,8,6,7,9,33
45079,11,14,17,3,21,27
45081,2,24,22,45,19,32
45083,19,16,15,9,7,23
45085,21,23,24,24,24,26
45087,30,28,32,17,33,14
45089,45,43,36,32,41,36
45091,3,3,3,14,1,35
46003,31,15,24,39,14,16
46005,23,45,42,34,44,32
46007,56,52,53,59,56,13
46009,10,8,44,28,26,34
46011,2,12,7,10,4,38
46013,6,32,14,11,19,30
46015,19,19,17,13,46,15
46017,61,61,61,45,59,45
46019,17,44,33,27,45,10
46021,31,22,21,32,35,6
46023,52,47,50,46,50,57
46025,31,28,19,24,38,44
46027,9,30,36,14,25,52
46029,11,38,30,5,24,53
46031,59,58,57,60,54,46
46033,16,46,8,22,41,33
46035,18,34,20,4,22,42
46037,28,37,45,49,40,11
46039,31,1,40,44,31,19
46041,55,56,58,57,55,24
46043,NR,NR,NR,NR,NR,NR
46045,31,21,22,35,7,20
46047,30,48,26,26,49,21
46049,31,40,47,43,28,31
46051,8,3,3,30,16,9
46053,31,10,29,55,37,26
46055,31,39,35,38,11,3
46057,4,2,15,33,15,17
46059,31,16,9,23,2,8
46061,31,6,11,12,36,35
46063,NR,NR,NR,NR,NR,NR
46065,14,33,37,3,18,25
46067,13,20,4,40,10,36
46069,NR,NR,NR,NR,NR,NR
46071,54,55,54,54,53,2
46073,31,24,1,36,5,12
46075,NR,NR,NR,NR,NR,NR
46077,31,23,16,18,12,28
46079,3,14,25,6,33,41
46081,25,50,10,7,17,39
46083,1,13,6,1,1,61
46085,53,51,52,50,52,18
46087,20,11,39,29,3,60
46089,31,53,13,21,43,37
46091,31,26,27,51,23,48
46093,15,42,28,19,29,49
46095,58,54,55,56,58,43
46097,31,17,23,16,8,40
46099,12,36,32,8,20,56
46101,7,27,46,52,34,59
46102,60,57,59,58,60,27
46103,21,43,18,15,48,55
46105,31,35,34,41,6,1
46107,31,31,5,31,32,14
46109,50,29,51,48,51,22
46111,31,4,48,20,39,23
46115,26,7,49,42,27,50
46117,31,9,2,17,21,7
46119,NR,NR,NR,NR,NR,NR
46121,57,60,60,61,61,47
46123,29,49,43,47,47,29
46125,24,5,31,25,13,54
46127,5,18,12,9,9,58
46129,27,25,38,37,42,5
46135,22,41,41,2,30,51
46137,51,59,56,53,57,4
47001,37,27,24,8,28,59
47003,45,53,73,75,45,89
47005,94,73,67,76,78,69
47007,9,19,90,89,94,9
47009,16,15,26,9,5,48
47011,8,37,53,48,17,60
47013,92,83,66,72,81,64
47015,71,47,64,71,33,34
47017,41,18,43,35,60,57
47019,29,81,86,46,52,26
47021,43,13,8,32,8,70
47023,6,4,19,68,23,22
47025,79,74,28,42,82,50
47027,91,90,59,93,84,44
47029,93,89,89,39,90,29
47031,48,40,52,26,35,43
47033,56,61,81,85,27,82
47035,33,26,15,15,64,35
47037,10,9,4,30,38,58
47039,18,62,45,66,61,62
47041,81,65,41,56,67,68
47043,54,14,11,38,14,40
47045,73,84,87,50,53,41
47047,7,29,17,41,31,71
47049,61,86,39,92,57,17
47051,23,21,36,16,16,15
47053,60,36,80,34,43,73
47055,40,41,54,54,39,90
47057,46,59,37,58,37,8
47059,66,56,44,18,58,25
47061,89,91,78,83,85,76
47063,39,45,61,45,41,72
47065,12,33,16,5,20,56
47067,95,64,88,79,95,7
47069,50,94,93,61,87,45
47071,88,85,58,43,75,11
47073,42,48,57,40,49,94
47075,78,93,92,73,89,81
47077,49,76,68,67,55,32
47079,51,54,69,12,66,23
47081,59,44,51,70,44,86
47083,70,31,30,87,76,16
47085,64,34,25,51,50,88
47087,36,87,60,86,86,91
47089,25,16,18,21,15,14
47091,86,58,38,62,36,24
47093,22,6,14,2,9,46
47095,72,92,95,91,92,67
47097,74,95,94,84,93,92
47099,69,49,47,49,46,33
47101,77,63,71,47,63,1
47103,67,42,48,22,21,83
47105,26,8,3,11,13,42
47107,75,38,70,27,47,65
47109,80,51,72,53,70,47
47111,76,70,77,94,56,38
47113,34,68,75,4,62,51
47115,65,55,21,33,69,66
47117,20,32,63,24,26,77
47119,11,20,27,7,10,53
47121,83,78,49,44,59,84
47123,57,66,31,52,54,80
47125,14,11,83,14,12,31
47127,3,2,2,37,7,52
47129,82,80,85,82,68,12
47131,15,71,82,55,80,75
47133,38,24,42,74,51,20
47135,87,67,62,95,74,3
47137,17,25,12,88,18,6
47139,63,39,55,63,40,28
47141,19,23,50,17,19,54
47143,58,46,74,57,88,4
47145,62,43,9,19,42,49
47147,13,10,20,20,6,74
47149,4,3,13,13,3,95
47151,90,88,91,60,65,10
47153,21,77,33,29,73,37
47155,30,22,65,78,32,13
47157,47,69,40,25,91,63
47159,52,57,22,59,22,87
47161,55,12,10,81,48,93
47163,27,60,29,6,24,27
47165,5,7,5,23,4,55
47167,32,17,35,31,30,61
47169,53,35,34,90,25,21
47171,84,75,32,64,77,2
47173,68,82,79,77,83,78
47175,85,52,23,80,79,30
47177,35,79,76,65,71,5
47179,24,28,7,3,11,85
47181,31,50,84,69,72,19
47183,28,30,56,36,29,36
47185,44,72,46,28,34,18
47187,1,1,1,1,1,39
47189,2,5,6,10,2,79
48001,230,74,230,84,116,209
48003,52,21,112,195,53,108
48005,159,201,207,40,159,177
48007,155,202,130,53,233,150
48009,100,35,64,56,23,44
48011,109,23,30,180,4,9
48013,73,146,137,136,148,100
48015,62,64,55,78,42,222
48017,166,193,170,178,135,6
48019,69,138,39,35,89,155
48021,82,76,202,95,103,152
48023,233,143,47,160,70,27
48025,101,207,184,188,224,192
48027,60,160,196,18,151,175
48029,46,188,97,17,136,221
48031,40,25,54,58,32,80
48033,NR,NR,NR,NR,NR,NR
48035,195,58,66,115,87,101
48037,189,206,243,31,181,146
48039,19,63,36,33,46,243
48041,7,116,70,10,76,239
48043,96,62,90,102,47,11
48045,109,135,136,228,123,54
48047,162,240,234,204,241,203
48049,181,167,201,29,60,110
48051,98,92,127,99,114,178
48053,39,26,61,45,56,122
48055,153,177,199,124,133,147
48057,64,59,98,190,163,189
48059,156,210,135,96,54,132
48061,20,222,33,179,235,242
48063,205,144,168,93,162,92
48065,41,1,11,28,8,15
48067,177,115,204,87,204,213
48069,81,100,48,166,48,46
48071,56,84,81,226,98,229
48073,193,132,232,70,174,214
48075,161,191,162,101,86,109
48077,79,7,157,80,33,157
48079,243,230,123,215,202,84
48081,109,39,95,68,79,43
48083,220,233,92,236,137,124
48085,1,3,3,2,2,145
48087,109,123,99,244,110,59
48089,92,110,31,156,143,94
48091,13,33,17,12,15,131
48093,97,79,51,205,97,138
48095,109,72,10,85,182,57
48097,103,17,77,91,92,71
48099,50,121,228,51,61,99
48101,109,189,74,234,220,2
48103,51,52,21,241,62,53
48105,197,109,22,197,99,74
48107,213,199,100,152,208,55
48109,109,238,217,237,179,23
48111,91,71,175,192,20,85
48113,38,113,105,34,152,234
48115,180,213,146,146,188,51
48117,83,162,65,194,108,31
48119,242,85,186,135,80,169
48121,3,12,16,9,5,159
48123,99,168,115,98,122,107
48125,109,228,114,187,203,5
48127,76,235,189,133,221,176
48129,109,152,32,172,102,18
48131,236,229,125,175,240,143
48133,102,134,152,154,109,105
48135,186,137,140,113,156,137
48137,109,104,15,140,157,7
48139,25,11,67,52,22,224
48141,15,194,37,107,173,196
48143,33,91,120,75,170,198
48145,95,224,242,233,164,184
48147,222,67,160,158,52,118
48149,36,14,9,55,49,164
48151,109,181,28,151,34,22
48153,42,219,94,171,189,64
48155,109,55,26,238,93,48
48157,2,22,4,13,14,182
48159,150,49,133,37,69,139
48161,142,151,206,143,172,119
48163,77,226,116,177,205,135
48165,17,29,131,242,58,47
48167,72,166,238,42,112,216
48169,10,120,63,203,155,14
48171,35,48,13,6,31,102
48173,NR,NR,NR,NR,NR,NR
48175,207,46,69,54,106,63
48177,93,204,126,126,171,114
48179,201,56,177,168,131,42
48181,157,93,134,89,55,174
48183,187,147,190,22,127,219
48185,168,182,226,155,184,183
48187,22,45,53,32,21,220
48189,59,220,172,131,166,116
48191,109,244,218,223,209,62
48193,206,32,49,198,118,32
48195,80,87,93,74,36,35
48197,217,57,150,164,120,45
48199,196,66,129,50,117,202
48201,23,68,72,64,190,244
48203,175,101,220,60,140,212
48205,109,2,58,134,9,16
48207,107,102,124,157,195,72
48209,8,47,91,25,25,237
48211,67,5,44,62,11,1
48213,231,131,208,69,154,204
48215,12,227,118,199,237,236
48217,165,95,117,114,81,127
48219,145,187,132,71,138,77
48221,85,40,24,15,63,158
48223,146,118,191,123,84,130
48225,191,211,210,127,201,232
48227,215,179,205,137,169,90
48229,109,243,240,220,213,68
48231,167,153,188,110,111,161
48233,171,163,193,100,150,34
48235,NR,NR,NR,NR,NR,NR
48237,178,60,164,189,88,97
48239,147,38,85,159,45,93
48241,214,128,215,83,227,163
48243,109,154,8,209,65,17
48245,190,212,216,66,228,231
48247,94,225,56,211,230,115
48249,183,232,106,122,236,217
48251,70,27,147,65,41,238
48253,174,53,212,201,175,88
48255,53,129,103,67,146,120
48257,65,70,153,57,44,233
48259,11,8,2,1,7,167
48261,NR,NR,NR,NR,NR,NR
48263,NR,NR,NR,NR,NR,NR
48265,87,114,12,5,83,151
48267,109,78,40,47,124,60
48269,NR,NR,NR,NR,NR,NR
48271,109,141,14,153,161,28
48273,179,190,110,165,219,162
48275,237,124,73,213,85,65
48277,192,198,233,43,125,185
48279,194,214,148,141,160,24
48281,28,13,71,196,40,153
48283,86,205,122,116,200,170
48285,24,44,59,61,57,173
48287,89,65,176,73,82,165
48289,232,89,159,132,183,76
48291,212,172,223,216,215,193
48293,199,221,192,142,198,199
48295,109,18,75,225,13,81
48297,61,83,62,150,149,106
48299,152,94,25,48,113,98
48301,NR,NR,NR,NR,NR,NR
48303,104,184,144,14,121,142
48305,170,203,128,90,94,56
48307,141,117,111,174,75,140
48309,58,159,185,23,126,223
48311,NR,NR,NR,NR,NR,NR
48313,204,81,182,173,165,123
48315,239,216,224,105,218,134
48317,235,69,86,162,26,160
48319,109,28,5,79,66,82
48321,202,197,219,167,222,208
48323,47,231,213,239,238,171
48325,43,82,38,81,64,179
48327,109,61,6,193,211,12
48329,48,42,88,46,24,156
48331,176,112,174,183,186,191
48333,164,156,41,210,167,36
48335,203,111,104,212,177,38
48337,209,119,151,161,51,104
48339,14,16,60,30,37,240
48341,74,105,108,222,18,39
48343,240,196,166,109,217,154
48345,109,108,34,148,132,13
48347,90,174,225,72,144,195
48349,172,185,187,88,145,149
48351,210,136,180,104,226,75
48353,200,148,194,112,134,33
48355,78,176,101,24,187,210
48357,31,51,68,224,29,58
48359,109,41,89,26,39,8
48361,227,175,227,76,180,194
48363,184,149,178,176,130,181
48365,218,106,200,118,141,205
48367,26,6,82,41,12,207
48369,71,103,155,182,27,25
48371,18,157,169,214,197,83
48373,228,107,229,49,212,186
48375,219,218,236,44,168,66
48377,9,234,183,229,231,4
48379,158,43,79,191,115,225
48381,37,30,29,8,10,96
48383,109,150,78,145,43,29
48385,109,126,96,117,234,10
48387,234,223,239,103,191,180
48389,105,142,102,231,104,61
48391,163,158,27,163,158,166
48393,NR,NR,NR,NR,NR,NR
48395,223,180,173,149,147,87
48397,6,10,20,7,1,144
48399,49,98,107,92,73,86
48401,148,122,222,129,119,218
48403,238,170,142,130,229,211
48405,244,215,221,97,232,226
48407,208,169,161,218,216,227
48409,154,171,179,63,214,201
48411,84,77,141,219,77,20
48413,109,4,1,139,16,89
48415,55,133,171,86,100,19
48417,109,75,46,77,6,121
48419,211,195,198,181,193,148
48421,109,37,23,184,17,3
48423,63,99,167,11,91,228
48425,151,80,83,20,153,111
48427,30,242,244,240,243,141
48429,198,164,158,227,196,50
48431,NR,NR,NR,NR,NR,NR
48433,109,90,35,106,19,69
48435,109,36,7,82,68,37
48437,185,200,143,186,210,52
48439,21,96,52,36,67,235
48441,182,155,149,16,95,113
48443,109,192,119,243,176,26
48445,188,217,209,207,192,67
48447,109,97,57,232,105,40
48449,57,130,181,169,185,128
48451,66,86,87,27,78,41
48453,5,9,18,3,30,215
48455,241,173,214,144,199,187
48457,224,125,165,170,225,172
48459,221,54,138,94,107,125
48461,75,183,50,185,101,73
48463,44,165,113,121,206,70
48465,29,161,121,138,178,103
48467,169,34,42,128,72,133
48469,68,139,156,39,139,168
48471,34,145,231,120,223,230
48473,27,140,195,202,128,197
48475,229,186,145,230,71,21
48477,45,88,84,19,90,112
48479,16,236,237,208,207,241
48481,144,209,154,147,129,136
48483,226,73,76,206,50,126
48485,173,208,235,21,96,49
48487,143,178,197,111,194,79
48489,108,239,241,119,244,206
48491,4,20,19,4,3,188
48493,32,31,43,38,28,117
48495,225,127,139,235,74,30
48497,106,19,109,125,35,190
48499,149,24,45,59,142,129
48501,54,50,80,217,38,78
48503,216,15,163,108,59,91
48505,88,237,203,221,239,95
48507,160,241,211,200,242,200
49001,20,19,13,24,15,5
49003,11,8,12,10,8,23
49005,3,7,5,8,6,12
49007,26,28,25,11,18,14
49009,NR,NR,NR,NR,NR,NR
49011,5,5,7,3,2,26
49013,24,18,23,25,24,17
49015,23,14,20,21,21,15
49017,28,17,11,27,27,1
49019,25,20,14,6,25,13
49021,16,26,17,20,14,7
49023,21,13,15,22,9,8
49025,12,6,8,16,10,6
49027,9,10,10,19,17,2
49029,4,1,2,2,1,22
49031,17,15,21,23,26,3
49033,17,3,26,7,7,18
49035,10,12,18,5,13,20
49037,27,27,28,28,28,19
49039,7,21,19,14,19,11
49041,15,22,16,13,20,16
49043,1,9,3,1,3,10
49045,13,16,24,17,12,9
49047,22,25,27,26,22,24
49049,6,2,1,4,4,25
49051,2,4,4,12,5,28
49053,8,11,6,15,11,21
49055,17,24,9,18,23,4
49057,14,23,22,9,16,27
50001,1,1,2,3,2,3
50003,13,14,10,7,12,9
50005,9,10,11,11,11,2
50007,3,3,1,1,1,7
50009,14,12,12,14,14,1
50011,8,11,14,8,5,10
50013,2,2,6,4,7,13
50015,4,4,8,9,9,5
50017,7,7,4,12,6,4
50019,10,13,13,13,13,6
50021,11,6,9,6,8,14
50023,6,8,5,2,3,8
50025,12,9,7,5,10,12
50027,5,5,3,10,4,11
51001,99,107,109,117,115,20
51003,5,14,8,7,14,7
51005,82,65,69,103,89,35
51007,109,44,95,108,73,75
51009,51,56,71,113,53,114
51011,81,75,115,94,62,53
51013,1,4,3,10,2,21
51015,17,35,50,39,32,32
51017,68,42,31,129,24,3
51019,46,25,38,53,37,118
51021,41,17,22,44,55,17
51023,14,13,7,22,11,117
51025,113,121,129,110,123,127
51027,124,112,100,133,131,130
51029,50,103,120,111,109,120
51031,49,51,96,92,56,81
51033,78,67,88,125,68,43
51035,42,54,72,65,79,37
51036,120,104,79,104,92,48
51037,108,115,116,118,111,121
51041,27,30,41,17,31,72
51043,48,18,11,106,17,87
51045,68,46,56,74,86,22
51047,54,38,51,95,46,58
51049,43,105,111,116,87,70
51051,115,116,104,121,127,112
51053,59,82,89,115,83,109
51057,107,113,93,42,96,47
51059,3,1,1,15,5,4
51061,34,12,17,55,9,65
51063,45,50,43,84,40,77
51065,26,24,15,23,10,40
51067,61,69,70,52,78,74
51069,29,22,21,81,27,55
51071,95,60,52,66,60,25
51073,88,34,49,26,41,41
51075,16,7,9,5,18,56
51077,91,62,102,101,88,97
51079,24,53,36,90,23,16
51081,97,124,130,96,114,88
51083,110,109,103,73,93,102
51085,21,8,12,14,8,54
51087,31,33,35,11,33,23
51089,93,110,90,83,106,129
51091,68,55,32,126,52,1
51093,28,40,60,33,29,123
51095,19,16,6,9,22,39
51097,103,94,112,86,80,64
51099,47,37,46,99,21,29
51101,58,31,53,45,36,89
51103,102,85,27,21,100,14
51105,100,117,127,128,122,131
51107,2,2,2,27,3,80
51109,57,48,73,75,45,46
51111,105,131,119,124,107,68
51113,63,49,67,57,35,24
51115,52,43,10,16,48,8
51117,122,96,81,71,113,126
51119,79,66,30,43,64,36
51121,13,45,48,30,28,115
51125,60,52,39,49,71,69
51127,37,15,24,40,26,66
51131,101,99,91,58,124,5
51133,38,90,18,19,108,42
51135,86,122,131,98,98,82
51137,67,36,63,61,49,108
51139,65,68,84,132,85,9
51141,104,89,54,114,97,84
51143,90,80,94,76,74,132
51145,18,11,19,25,13,76
51147,83,119,99,93,102,34
51149,20,58,86,97,50,73
51153,7,20,13,100,16,128
51155,84,74,65,63,67,101
51157,68,21,34,119,44,13
51159,106,102,68,60,54,10
51161,40,23,23,6,15,6
51163,33,47,25,35,58,18
51165,12,27,26,130,19,27
51167,116,93,106,131,103,94
51169,92,79,80,72,76,133
51171,25,39,44,112,42,98
51173,118,98,92,88,95,19
51175,53,78,108,91,59,119
51177,36,26,61,102,38,50
51179,10,6,29,79,12,33
51181,111,84,58,31,63,12
51183,112,120,125,127,129,79
51185,121,91,110,122,110,105
51187,77,28,64,87,51,15
51191,76,81,59,85,66,63
51193,66,77,78,120,84,45
51195,125,118,101,89,121,124
51197,87,61,76,78,90,38
51199,6,10,16,3,6,31
51510,4,32,28,69,25,67
51520,127,83,98,77,104,83
51530,68,101,87,46,72,92
51540,11,63,82,2,43,11
51550,35,57,40,28,39,99
51570,114,100,66,34,75,111
51580,131,129,42,47,118,57
51590,126,125,114,38,132,122
51595,98,133,107,80,130,110
51600,22,9,4,20,4,85
51610,8,5,5,1,1,49
51620,131,123,132,50,119,113
51630,56,70,83,56,101,51
51640,130,126,77,67,112,30
51650,80,88,124,48,91,96
51660,9,95,74,70,77,71
51670,129,127,117,123,125,106
51678,68,76,20,4,70,2
51680,55,97,85,37,99,62
51683,23,41,55,107,69,107
51685,68,71,75,109,34,95
51690,128,128,118,82,126,93
51700,64,92,113,68,81,86
51710,96,108,122,62,116,78
51720,123,87,105,64,117,125
51730,133,132,133,105,133,116
51735,30,3,33,12,7,44
51740,119,106,121,59,120,103
51750,44,130,123,24,57,91
51760,89,114,126,54,128,100
51770,117,111,128,51,105,90
51775,85,29,14,8,30,60
51790,94,72,45,18,47,61
51800,32,73,62,41,61,104
51810,15,19,37,29,20,26
51820,62,86,97,13,94,59
51830,68,59,47,36,82,28
51840,39,64,57,32,65,52
53001,15,36,27,24,33,27
53003,30,20,23,5,23,10
53005,14,16,13,23,19,34
53007,6,18,8,12,13,8
53009,29,21,14,8,35,16
53011,10,7,15,18,8,19
53013,38,39,29,17,14,1
53015,34,28,39,14,26,28
53017,2,15,18,34,18,14
53019,39,38,35,32,39,9
53021,5,22,25,38,29,38
53023,20,30,21,1,9,2
53025,25,26,33,36,25,30
53027,37,35,32,33,36,7
53029,11,3,4,20,4,23
53031,27,4,3,4,28,3
53033,4,2,1,2,2,18
53035,12,12,7,6,10,13
53037,8,14,19,22,12,15
53039,28,29,16,31,16,5
53041,32,24,34,29,24,32
53043,19,8,11,37,7,6
53045,26,17,37,28,38,24
53047,31,31,36,39,34,26
53049,36,34,30,27,27,11
53051,35,32,38,25,31,22
53053,23,23,26,16,15,31
53055,1,1,2,10,3,17
53057,16,10,10,19,20,21
53059,18,27,20,30,22,12
53061,9,6,6,15,1,33
53063,24,19,17,3,17,39
53065,22,33,22,26,32,35
53067,13,9,9,9,6,29
53069,20,25,24,21,30,4
53071,17,13,5,7,21,25
53073,7,5,12,11,11,37
53075,3,11,28,13,5,20
53077,33,37,31,35,37,36
54001,27,25,41,32,40,22
54003,26,4,32,11,4,25
54005,50,52,51,51,45,55
54007,36,33,22,31,46,5
54009,19,7,10,18,14,53
54011,54,45,35,8,35,52
54013,20,47,15,44,53,23
54015,40,36,49,41,54,19
54017,4,5,5,33,8,7
54019,46,38,47,42,43,32
54021,11,34,52,45,24,11
54023,6,37,20,30,19,1
54025,23,10,21,9,22,8
54027,35,22,36,46,37,9
54029,29,18,29,13,21,43
54031,17,27,31,49,23,10
54033,28,24,25,5,11,31
54035,22,29,16,20,7,44
54037,2,1,6,10,1,38
54039,42,32,18,4,36,36
54041,47,39,37,15,30,15
54043,51,50,44,40,41,54
54045,53,51,53,53,50,35
54047,55,55,55,54,55,46
54049,12,15,30,16,16,40
54051,3,30,27,35,13,50
54053,43,40,46,24,27,39
54055,49,49,50,22,44,30
54057,15,6,9,7,10,20
54059,52,54,54,55,52,42
54061,1,3,4,2,3,26
54063,14,14,11,43,12,6
54065,39,16,3,36,5,45
54067,32,43,19,28,39,33
54069,25,9,24,1,6,47
54071,34,11,8,37,9,4
54073,5,8,7,23,20,34
54075,30,13,12,34,25,3
54077,10,20,13,29,28,18
54079,8,2,1,3,2,29
54081,45,48,48,14,33,28
54083,16,17,17,19,34,14
54085,18,12,42,50,26,12
54087,48,41,40,39,48,24
54089,38,42,34,38,47,17
54091,13,31,26,21,18,21
54093,21,21,2,27,15,13
54095,24,23,14,25,29,49
54097,9,19,23,12,31,2
54099,41,46,33,26,42,51
54101,37,44,43,47,49,27
54103,33,35,45,17,38,48
54105,7,28,28,48,32,37
54107,31,26,39,6,17,16
54109,44,53,38,52,51,41
55001,65,70,42,65,70,41
55003,64,61,65,7,64,2
55005,37,44,52,38,45,26
55007,45,27,24,35,61,18
55009,17,29,40,15,25,42
55011,22,32,8,43,28,24
55013,66,7,53,71,66,20
55015,3,11,5,16,4,60
55017,25,30,17,25,41,7
55019,52,34,68,72,33,25
55021,36,9,45,51,15,64
55023,56,35,50,57,54,27
55025,8,25,3,5,6,17
55027,53,16,32,19,29,51
55029,9,22,4,21,23,10
55031,27,37,54,69,52,32
55033,16,33,66,17,30,21
55035,28,42,47,14,22,11
55037,43,67,15,54,48,9
55039,20,52,37,10,26,43
55041,71,66,69,67,67,1
55043,12,18,41,68,21,56
55045,10,12,23,39,10,44
55047,61,53,48,31,49,58
55049,11,20,10,62,9,45
55051,43,54,16,29,69,6
55053,63,49,63,55,58,50
55055,29,10,12,34,19,65
55057,60,59,61,59,57,29
55059,49,65,59,52,60,72
55061,21,26,11,28,13,33
55063,30,38,13,1,7,16
55065,48,19,43,70,17,14
55067,26,58,57,33,59,12
55069,38,28,49,23,32,4
55071,41,50,31,37,38,59
55073,14,13,19,18,8,49
55075,47,64,44,36,56,40
55077,67,56,39,66,62,35
55078,71,71,72,64,72,19
55079,69,72,70,56,71,71
55081,55,39,62,27,34,53
55083,35,60,55,45,40,31
55085,46,21,30,11,37,8
55087,13,46,18,4,14,23
55089,1,3,1,2,1,66
55091,19,6,51,61,35,3
55093,5,8,14,40,11,34
55095,39,24,20,44,44,22
55097,2,36,25,13,16,52
55099,40,48,9,58,46,30
55101,59,68,64,41,63,69
55103,54,14,27,53,47,39
55105,62,69,67,63,50,67
55107,33,15,56,22,65,5
55109,4,1,7,30,3,57
55111,32,43,38,50,20,55
55113,70,63,71,26,68,13
55115,57,51,58,32,39,15
55117,23,17,21,12,12,36
55119,15,4,60,48,43,28
55121,51,45,28,47,18,47
55123,18,23,34,60,36,61
55125,68,62,33,42,51,48
55127,31,47,22,49,27,70
55129,42,41,26,24,55,37
55131,7,2,6,9,5,54
55133,6,5,2,3,2,68
55135,50,31,35,20,42,38
55137,34,55,46,46,53,62
55139,24,57,36,6,24,63
55141,58,40,29,8,31,46
56001,3,20,9,5,3,7
56003,21,10,12,23,22,14
56005,7,11,22,12,14,23
56007,20,19,19,20,20,13
56009,19,16,10,17,12,1
56011,4,1,7,9,2,10
56013,23,21,23,19,23,11
56015,9,14,17,13,10,20
56017,22,9,8,7,16,3
56019,14,5,3,3,7,5
56021,15,12,15,6,9,21
56023,6,6,5,10,4,19
56025,17,17,21,8,19,9
56027,11,22,14,22,21,12
56029,5,7,2,4,8,4
56031,12,13,4,21,13,2
56033,16,4,13,2,6,16
56035,8,2,6,16,5,17
56037,18,18,20,14,17,18
56039,1,3,1,1,1,15
56041,13,23,18,15,18,22
56043,10,15,11,18,15,6
56045,2,8,16,11,11,8
