fips,Population per sq mile,House per sq mile
1001,91.8,37.2
1003,114.6,65.5
1005,31,13.4
1007,36.8,14.4
1009,88.9,37
1011,17.5,7.2
1013,27,12.8
1015,195.7,88
1017,57.4,28.5
1019,46.9,29.4
1021,63,27.8
1023,15.2,8
1025,20.9,10.2
1027,23.1,11.2
1029,26.7,12
1031,73.6,32.9
1033,91.8,43.5
1035,15.6,8.3
1037,17.7,10
1039,36.6,18.3
1041,22.8,11.1
1043,109.4,50.4
1045,89.6,40.4
1047,44.8,20.6
1049,91.5,40
1051,128.2,52.8
1053,40.5,17.4
1055,195.2,88.7
1057,27.5,13.4
1059,50,22.1
1061,46.6,22.1
1063,14,7.7
1065,24.5,11.9
1067,30.8,15.8
1069,175.1,78.2
1071,49.4,23
1073,592.5,270.5
1075,24.1,12.2
1077,138.8,65.6
1079,49.7,22
1081,230.8,102.7
1083,147.8,62.5
1085,15.8,7.2
1087,35.2,16.8
1089,417.7,182.7
1091,21.5,10.5
1093,41.5,19.9
1095,164.4,71.3
1097,335.9,144.9
1099,22.5,11
1101,292.5,129.6
1103,206.3,88.4
1105,14.7,6.6
1107,22.4,10.8
1109,48.9,22.7
1111,39.5,20.6
1113,82.6,38.4
1115,132.3,56.2
1117,248.5,103.2
1119,15.2,7.5
1121,111.7,50.3
1123,58.1,30.9
1125,147.3,64.2
1127,84.7,38.9
1129,16.3,7.8
1131,13.1,6.4
1133,39.9,22
2013,0.4,0.1
2016,1.3,0.4
2020,171.2,66.3
2050,0.4,0.1
2060,2,1.9
2068,0.1,0.1
2070,0.3,0.1
2090,13.3,5.7
2100,1.1,0.7
2105,0.3,0.2
2110,11.6,4.8
2122,3.4,1.9
2130,2.8,1.3
2150,2.1,0.8
2164,0.1,0.1
2170,3.6,1.7
2180,0.4,0.2
2185,0.1,0
2188,0.2,0.1
2195,1.2,0.6
2198,1.4,0.8
2220,3.1,1.4
2230,2.1,1.4
2240,0.3,0.2
2261,0.3,0.2
2270,0.4,0.1
2275,0.9,0.6
2282,0.1,0.1
2290,0,0
4001,6.4,2.9
4003,21.3,9.6
4005,7.2,3.4
4007,11.3,6.9
4009,8.1,2.8
4011,4.6,2.4
4012,4.6,3.6
4013,414.9,178.2
4015,15,8.3
4017,10.8,5.7
4019,106.7,48
4021,70,29.7
4023,38.3,14.6
4025,26,13.6
4027,35.5,15.9
5001,19.2,9.5
5003,23.6,11
5005,74.9,40.7
5007,261.2,109.9
5009,62.5,28.5
5011,17.7,9
5013,8.5,4.6
5015,43.6,21.5
5017,18.3,8.4
5019,26.6,12
5021,25.2,12.6
5023,46.9,28.6
5025,14.5,6.8
5027,32.1,15.1
5029,38.5,17.6
5031,136.4,57.3
5033,104.4,44
5035,83.5,35.2
5037,29,12.7
5039,12.2,6.5
5041,16.9,8.2
5043,22.3,10.2
5045,174.8,71.9
5047,29.8,13.2
5049,19.8,11
5051,141.7,74.6
5053,28.3,12.3
5055,72.9,31
5057,31.1,14.3
5059,53.5,23.3
5061,23.4,10.6
5063,48,21.2
5065,23.6,12.5
5067,28.4,12
5069,88.9,37.9
5071,38.7,17.1
5073,14.5,8.2
5075,29.6,13.6
5077,17.3,7.2
5079,25.2,8.7
5081,24.7,12.1
5083,31.6,14.3
5085,88.7,35.3
5087,18.8,9
5089,27.9,15.7
5091,69.5,30.8
5093,51.6,22.7
5095,13.4,7.3
5097,12.2,7.4
5099,14.6,7.4
5101,10.1,5.7
5103,35.6,17.9
5105,18.9,8.9
5107,31.3,14.6
5109,18.8,9.3
5111,32.4,14.4
5113,24.1,11.7
5115,76,31.4
5117,13.4,6.9
5119,503.8,231.1
5121,27.6,13.1
5123,44.5,17.2
5125,148,61.9
5127,12.6,5.8
5129,12.3,7.4
5131,236.4,102.7
5133,30.2,12.2
5135,28.6,16.2
5137,20.4,11.1
5139,40.1,18.9
5141,24.4,14.6
5143,215.6,93.2
5145,74.5,31.4
5147,12.4,6.6
5149,23.9,10.5
6001,2043.6,788.3
6003,1.6,2.4
6005,64.1,30.3
6007,134.4,58.6
6009,44.7,27.4
6011,18.6,6.9
6013,1465.2,559.1
6015,28.4,11.1
6017,106,51.6
6019,156.2,53
6021,21.4,8.2
6023,37.7,17.3
6025,41.8,13.4
6027,1.8,0.9
6029,103.3,35
6031,110.1,31.6
6033,51.5,28.2
6035,7.7,2.8
6037,2419.6,849
6039,70.6,23
6041,485.1,213.7
6043,12.6,7
6045,25.1,11.5
6047,132.2,43.3
6049,2.5,1.3
6051,4.7,4.6
6053,126.5,42.4
6055,182.4,73.2
6057,103.1,54.9
6059,3807.7,1326.8
6061,247.6,108.5
6063,7.8,6.1
6065,303.8,111.1
6067,1470.8,576.3
6069,39.8,12.9
6071,101.5,34.9
6073,735.8,276.9
6075,17179.2,8041.8
6077,492.6,168
6079,81.7,35.6
6081,1602.2,604.4
6083,155,55.9
6085,1381,489.8
6087,589.4,234.7
6089,46.9,20.5
6091,3.4,2.4
6093,7.2,3.8
6095,503,185.8
6097,307.1,129.8
6099,344.2,120.1
6101,157.3,56.2
6103,21.5,9.1
6105,4.3,2.7
6107,91.7,29.4
6109,24.9,14.1
6111,446.7,152.8
6113,197.9,74
6115,114.2,43.7
8001,378.2,139.7
8003,21.4,9.1
8005,716.7,298.6
8007,8.9,6.5
8009,1.5,0.9
8011,4.3,1.5
8013,405.6,175
8014,1691.9,685.5
8015,17.6,9.9
8017,1,0.5
8019,23,14.4
8021,6.4,3.3
8023,2.9,2.1
8025,7.4,2
8027,5.8,5.4
8029,27.1,12.8
8031,3922.6,1868
8033,1.9,1.4
8035,339.7,127.2
8037,31,18.6
8039,12.5,4.8
8041,292.6,118.9
8043,30.5,12.6
8045,19.1,7.9
8047,36.3,23.7
8049,8,8.7
8051,4.7,3.5
8053,0.8,1.2
8055,4.2,3.2
8057,0.9,0.8
8059,699.5,300.9
8061,0.8,0.5
8063,3.8,1.6
8065,19.4,11.3
8067,30.3,15.3
8069,115.4,51.1
8071,3.2,1.7
8073,2.1,0.9
8075,12.4,4.9
8077,44.1,18.8
8079,0.8,1.4
8081,2.9,1.3
8083,12.6,6
8085,18.4,8.1
8087,22,9
8089,14.9,7.1
8091,8.2,5.7
8093,7.4,6.4
8095,6.5,3
8097,17.7,13.3
8099,7.7,3.6
8101,66.7,29.1
8103,2.1,1
8105,13.1,7.3
8107,10,6.9
8109,1.9,1.2
8111,1.8,2
8113,5.7,5.2
8115,4.3,2.6
8117,46,49.1
8119,41.9,22.7
8121,1.9,1
8123,63.4,24.1
8125,4.2,1.9
9001,1467.2,578.1
9003,1216.2,509.1
9005,206.3,95.1
9007,448.6,202.6
9009,1426.7,598.8
9011,412.2,182
9013,372.2,141.3
9015,230.9,95.7
10001,276.9,111.5
10003,1263.2,510.2
10005,210.6,131.4
11001,9856.5,4860.4
12001,282.7,128.9
12003,46.3,16.6
12005,222.6,131.4
12007,97,37.5
12009,535,265.7
12011,1444.9,669.9
12013,25.8,10.6
12015,235.2,147.9
12017,242.8,134.1
12019,315.8,124.9
12021,160.9,98.7
12023,84.7,35.9
12027,54.7,22.9
12029,23.3,13.2
12031,1133.9,509.7
12033,453.4,208.2
12035,197.1,100.1
12037,21.6,16.2
12039,89.8,37.8
12041,48.4,20.9
12043,16,8.7
12045,28.1,16.2
12047,28.8,11.2
12049,43.5,15.2
12051,34,12.6
12053,365.6,178.8
12055,97.2,54.5
12057,1204.9,525.5
12059,41.6,18
12061,274.5,151.8
12063,54.2,22.9
12065,24.7,11.1
12067,16.3,6.1
12069,316.6,154.5
12071,788.7,473
12073,413.1,186.2
12075,36.5,18
12077,10,4
12079,27.6,12.2
12081,434.5,232.4
12083,209.1,103.5
12085,269.2,143.8
12086,1315.5,521.4
12087,74.3,53.7
12089,113,54
12091,194.4,99.3
12093,52,24.1
12095,1268.5,540
12097,202.4,96.6
12099,670.2,337.4
12101,622.2,306.5
12103,3347.5,1839.4
12105,334.9,156.4
12107,102.2,51.3
12109,316.4,149.6
12111,485.7,239.6
12113,149.6,64
12115,682.6,410.9
12117,1367,586.3
12119,170.8,97
12121,60.3,27.8
12123,21.6,10.5
12125,63.8,18.5
12127,449.2,230.9
12129,50.8,21.1
12131,53,43.5
12133,42.7,18.5
13001,36,16.8
13003,24.7,10.4
13005,42.9,18.6
13007,10.1,4.8
13009,177.3,78.2
13011,79.3,32.7
13013,432.7,164.7
13015,217.9,86.7
13017,70.5,31.8
13019,42.7,19.3
13021,622.8,278.9
13023,60.5,24.6
13025,41.6,18.3
13027,32.9,15.6
13029,69.3,27.2
13031,104.4,42.8
13033,28.2,11.9
13035,128.3,50.7
13037,23.9,8.6
13039,82.4,34.4
13043,45.3,19.6
13045,221.5,89.4
13047,394.3,164.1
13049,15.7,5.8
13051,621.7,279.8
13053,45.3,13.6
13055,83,35
13057,508.3,195.3
13059,979.1,428.4
13061,16.3,10.8
13063,1832.5,739.6
13065,8.5,3.8
13067,2026.4,843.7
13069,73.7,29.7
13071,83.6,33.7
13073,427.6,167.6
13075,75.8,32.1
13077,288.8,113.8
13079,38.9,16.3
13081,86,39.4
13083,95.6,42
13085,105.9,49.4
13087,46.6,20.3
13089,2585.7,1139.7
13091,44,19.9
13093,38.1,16.1
13095,287.7,124.1
13097,661.8,258.3
13099,21.5,9.7
13101,9.7,3.8
13103,109.4,41.6
13105,57.4,27.3
13107,33.2,14.6
13109,60.2,25.5
13111,61.2,41.9
13113,548.3,209.9
13115,188.9,79.5
13117,783.5,285.9
13119,84.5,40.4
13121,1748,830
13123,66.3,38.8
13125,21.4,10.6
13127,189.7,97
13129,155.1,62.6
13131,55,23.7
13133,41.3,22.4
13135,1871.2,677.4
13137,155.5,65.6
13139,457.5,175.2
13141,20,11.4
13143,102,43.5
13145,69,28.9
13147,108.5,56
13149,40,17.4
13151,633,237.6
13153,372.5,155.3
13155,26.9,11.4
13157,178.1,69.9
13159,37.8,16.7
13161,45.6,19.6
13163,32.2,13.9
13165,24,12.2
13167,32.9,13.6
13169,72.8,29.7
13171,99.8,40.7
13173,54.4,22.9
13175,60,26.5
13177,79.5,28.9
13179,129.5,54.6
13181,38,22.7
13183,36.1,15.1
13185,220.2,88.5
13187,105.9,45.7
13189,85,36.2
13191,33.8,21.7
13193,36.8,15.3
13195,99.6,41.7
13197,23.9,11.4
13199,43.9,19.9
13201,21.7,9.9
13205,45.9,17.6
13207,66.8,27.1
13209,38.1,16.4
13211,51.4,21.5
13213,115,46.4
13215,877.5,382.1
13217,367.3,140.9
13219,178,67.2
13221,33.9,14.8
13223,455.8,167
13225,184.3,73.5
13227,126.8,59
13229,59.3,25.2
13231,82.7,31.6
13233,133.6,54.5
13235,48.2,20.7
13237,61.6,37.2
13239,16.6,13.5
13241,44,33.3
13243,18,9.7
13245,618.4,266.2
13247,656.5,256.3
13249,30,13.2
13251,22.6,10.4
13253,37.1,20.4
13255,326.1,136.3
13257,146.1,70.7
13259,13.2,5.2
13261,68,28.8
13263,17.5,8.7
13265,8.8,5.2
13267,53.2,20.8
13269,23.6,12.1
13271,37.7,16.7
13273,27.8,12.2
13275,82.1,37
13277,154.9,63.5
13279,74.8,33.4
13281,62.9,46.4
13283,34.5,15
13285,161.9,67.7
13287,31.3,13.5
13289,25.2,11.8
13291,66.3,43.6
13293,84,37.6
13295,154,67.4
13297,257.2,99.6
13299,40.7,18.3
13301,20.5,10.5
13303,31.2,13.3
13305,46.9,19
13307,13.4,7.3
13309,25.1,8.9
13311,112.8,66.7
13313,353.2,137.4
13315,24.5,9.3
13317,22.6,11
13319,21.4,10
13321,38,16.2
15001,45.9,20.4
15003,1586.7,560.8
15005,7.5,9.4
15007,108.2,48.1
15009,133.3,60.6
16001,372.8,151.5
16003,2.9,1.9
16005,74.5,29.8
16007,6.1,4
16009,12,6
16011,21.8,7.7
16013,8.1,5.7
16015,3.7,2.8
16017,23.6,14.2
16019,55.9,21.3
16021,8.6,4.1
16023,1.3,0.6
16025,1,0.8
16027,321.6,118.2
16029,3.9,1.8
16031,8.9,3.3
16033,0.6,0.3
16035,3.6,1.8
16037,0.9,0.6
16039,8.8,4
16041,19.3,6.8
16043,7.1,4.6
16045,29.8,12.7
16047,21.2,8.4
16049,1.9,1
16051,23.9,8
16053,37.5,13.6
16055,111.3,50.8
16057,34.6,14.9
16059,1.7,1
16061,8,3.9
16063,4.3,1.6
16065,80,24
16067,26.5,10.1
16069,46.3,20.6
16071,3.6,1.6
16073,1.5,0.6
16075,55.6,22
16077,5.6,2.1
16079,4.9,2.7
16081,22.6,12.2
16083,40.2,16.2
16085,2.7,3.2
16087,7,3.1
17001,78.5,34.9
17003,35,17
17005,46.7,18.6
17007,193,71.1
17009,22.7,8.1
17011,40.2,18.1
17013,20,11.2
17015,34.6,19
17017,36.3,15.5
17019,201.8,87.9
17021,49.1,21.9
17023,32.6,15.5
17025,29.5,13.7
17027,79.7,32.3
17029,106,46.1
17031,5495.1,2306.5
17033,44.7,19.5
17035,31.9,14.1
17037,166.6,65.1
17039,41.7,18.9
17041,48,20.1
17043,2799.8,1087.6
17045,29.8,14.1
17047,30.2,14.3
17049,71.5,30.4
17051,30.9,13
17053,29,12.9
17055,96.8,45.3
17057,42.8,18.7
17059,17.3,8.5
17061,25.6,11.8
17063,119.8,47.8
17065,19.5,9.4
17067,24.1,11.7
17069,24.3,14
17071,19.3,10.1
17073,61.3,26.9
17075,26.6,12
17077,103.1,48.9
17079,19.6,8.8
17081,68,29.7
17083,62.2,26.7
17085,37.7,22.6
17087,36.6,16.3
17089,990.8,350.1
17091,167.7,66.9
17093,358.2,125.9
17095,73.9,33.6
17097,1585.6,586.7
17099,100.4,44
17101,45.2,18.6
17103,49.7,20.8
17105,37.3,15.2
17107,49,19.6
17109,55.3,24.5
17111,511.9,192.4
17113,143.3,58.9
17115,190.8,86.9
17117,55.4,25
17119,376.3,163.7
17121,68.9,32
17123,32.7,15.3
17125,27.2,13.1
17127,65,30
17129,40.4,18
17131,29.3,13.1
17133,85.6,34.8
17135,42.8,18.6
17137,62.5,27.3
17139,44.2,18.6
17141,70.5,29.7
17143,301.2,134.1
17145,50.6,21.3
17147,38.1,16.6
17149,19.8,9.6
17151,12.1,6.8
17153,30.9,15.8
17155,37.5,19.2
17157,58.2,23.8
17159,45.1,20.9
17161,345,153.8
17163,410.6,176.7
17165,65.6,30.8
17167,227.4,103.5
17169,17.3,7.9
17171,21.3,9.8
17173,29.5,13.7
17175,20.8,9.3
17177,84.5,39.1
17179,208.6,88.6
17181,43.1,19.2
17183,90.9,40.4
17185,53.5,25
17187,32.6,14.2
17189,26.2,11.6
17191,23.5,11.2
17193,29.6,14.5
17195,85.5,37.7
17197,809.6,283.8
17199,157.9,72.3
17201,575.2,245.4
17203,73.3,28.7
18001,101.4,38.4
18003,540.6,231.5
18005,188.7,81.3
18007,21.8,9.7
18009,77.3,36.7
18011,133.9,53.8
18013,48.9,26.6
18015,54.1,25.4
18017,94.5,40
18019,295.6,128.1
18021,75.2,32.7
18023,82,32.9
18025,35.1,18.1
18027,73.7,29
18029,164.1,66.1
18031,69.1,30.1
18033,116.4,48.4
18035,300.1,133.5
18037,98,40.7
18039,426.5,167.9
18041,112.9,50.7
18043,504.1,216.1
18045,43.6,19.9
18047,60.1,24.8
18049,56.6,26.4
18051,68.7,30
18053,169.2,73.5
18055,61.1,28
18057,696.4,270.8
18059,228.8,91.9
18061,81.2,34.1
18063,357.4,136.3
18065,126.2,54.3
18067,282.4,132
18069,97,41.3
18071,83.2,35.7
18073,59.8,23.5
18075,55.4,24
18077,89.9,39.7
18079,75.7,32
18081,435.8,176.8
18083,74.5,33
18085,145.6,69.7
18087,97.8,37.1
18089,994.1,418.4
18091,186.3,81
18093,102.7,46.9
18095,291.3,130.7
18097,2279.6,1054.4
18099,106.1,44.7
18101,30.8,14.3
18103,98.7,41.4
18105,349.7,149.8
18107,75.6,32.8
18109,170.5,68.7
18111,35.5,15
18113,115.7,48.9
18115,71.1,32.3
18117,49.8,23
18119,56,26.2
18121,39,18.2
18123,50.7,22.3
18125,38.4,17.2
18127,393,158.3
18129,63.3,27.4
18131,30.9,14
18133,79,30.6
18135,57.9,26
18137,64.6,26.8
18139,42.6,18.4
18141,583,250.8
18143,127,54.8
18145,108.1,46.4
18147,52.8,22.4
18149,75.6,35.5
18151,110.7,62.7
18153,48,20
18155,48.1,22.5
18157,345.7,142.2
18159,61.2,26.9
18161,46.6,20.1
18163,769.7,355.5
18165,63.1,29.1
18167,267.4,114.1
18169,79.7,34.4
18171,23.3,10.1
18173,155.1,62.9
18175,55,23.8
18177,171.5,77.8
18179,75.1,31.7
18181,48.8,25.7
18183,99.2,42.6
19001,13.5,6.5
19003,9.5,4.7
19005,22.4,11.9
19007,25.9,13.3
19009,13.8,6.7
19011,36.4,15.5
19013,231.7,98.8
19015,46,20.6
19017,55.7,22.8
19019,36.7,15.7
19021,35.2,14.3
19023,25.6,11.5
19025,17,9
19027,36.6,16.5
19029,24.7,11.7
19031,31.9,13.9
19033,77.7,39
19035,20.9,10
19037,24.7,11.3
19039,21.5,9.5
19041,29.4,14.2
19043,23.3,11.6
19045,70.7,31.3
19047,23.9,9.7
19049,112.4,46.3
19051,17.4,7.2
19053,15.9,7.2
19055,30.7,13.9
19057,96.9,44.5
19059,43.8,33.8
19061,154,64
19063,26,12
19065,28.6,13.1
19067,32.6,15
19069,18.4,8.4
19071,14.6,6.7
19073,16.4,8
19075,24.8,11
19077,18.5,9.7
19079,27.2,12.5
19081,19.9,9.3
19083,30.8,14.4
19085,21.4,9.7
19087,46.4,19.1
19089,20.2,9.2
19091,22.6,10.8
19093,16.4,7.9
19095,27.9,12.4
19097,31.2,14.8
19099,50.4,22.2
19101,38.7,17.4
19103,213.1,91.1
19105,35.9,15.5
19107,18.1,8.5
19109,16,7.7
19111,69.3,31.3
19113,294.6,128.7
19115,28.3,12.5
19117,20.7,9.8
19119,19.7,8.2
19121,27.9,11.7
19123,39.2,17.1
19125,60.1,25.1
19127,71,29.4
19129,34.4,14
19131,23,10.3
19133,13.3,6.8
19135,18.4,9
19137,25.3,12.4
19139,97.7,40.9
19141,25.1,11.6
19143,16.2,7.5
19145,29.8,13.4
19147,16.7,8.2
19149,29,12.2
19151,12.7,6.6
19153,750.5,317.6
19155,98,41.4
19157,32.3,15.3
19159,9.6,4.9
19161,18,9.4
19163,360.7,156.8
19165,20.6,9.4
19167,43.9,16
19169,156.3,64.2
19171,24.6,10.8
19173,11.9,5.8
19175,29.6,14
19177,15.6,7.6
19179,82.5,37.3
19181,81.1,32.2
19183,38.2,16.7
19185,12.2,6.1
19187,53.1,23.8
19189,27.1,13
19191,30.5,12.6
19193,117.1,47.5
19195,19,8.9
19197,22.8,11.2
20001,26.7,12.4
20003,14,6.4
20005,39.3,16.2
20007,4.3,2.4
20009,30.9,14.2
20011,23.9,11.3
20013,17.5,8.4
20015,46.1,18.2
20017,3.6,1.9
20019,5.7,3.4
20021,36.8,16.8
20023,2.7,1.5
20025,2.3,1.2
20027,13.2,6.3
20029,13.3,6.5
20031,13.7,6.3
20033,2.4,1.3
20035,32.3,14.2
20037,66.4,30.2
20039,3.3,2
20041,23.3,10.6
20043,20.2,9.1
20045,243.1,102.5
20047,4.9,2.6
20049,4.5,2.7
20051,31.6,14.3
20053,9.1,4.5
20055,28.2,10.2
20057,30.8,10.9
20059,45.5,19.5
20061,89.3,37.7
20063,2.5,1.3
20065,2.9,1.7
20067,13.6,5.1
20069,6.9,2.7
20071,1.6,0.8
20073,5.9,3.6
20075,2.7,1.2
20077,7.5,3.9
20079,64.3,26.9
20081,7.4,2.9
20083,2.2,1.1
20085,20.5,8.8
20087,35.9,15.3
20089,3.4,2.2
20091,1149.6,478.6
20093,4.6,1.8
20095,9.1,4.4
20097,3.5,1.7
20099,33.5,15.6
20101,2.4,1.4
20103,164.7,62
20105,4.5,2.6
20107,16.3,9.2
20109,2.6,1.3
20111,39.8,18
20113,32.5,14.2
20115,13.4,6.3
20117,11.2,5.4
20119,4.7,2
20121,57,22.9
20123,9.1,4.7
20125,55.1,25.8
20127,8.5,4.6
20129,4.4,2
20131,14.2,6.4
20133,28.9,13.1
20135,2.9,1.6
20137,6.5,2.9
20139,23.1,10.6
20141,4.3,2.5
20143,8.5,3.9
20145,9.2,4.2
20147,6.4,3.4
20149,25.7,10.3
20151,13.1,6.1
20153,2.4,1.4
20155,51.4,22.5
20157,6.9,4
20159,13.9,6.3
20161,116.6,46.3
20163,5.8,3.1
20165,4.6,2.6
20167,7.9,4.4
20169,77.2,33.5
20171,6.9,3.1
20173,499.6,212.1
20175,35.9,12.6
20177,327.1,145.5
20179,2.9,1.4
20181,5.7,3
20183,4.3,2.5
20185,5.6,2.9
20187,3.3,1.5
20189,7.9,3.2
20191,20.4,9.2
20193,7.4,3.3
20195,3.4,1.9
20197,8.9,4.1
20199,1.6,0.9
20201,6.5,3.3
20203,3.1,1.5
20205,16.5,8.2
20207,6.6,4.1
20209,1039,440.3
21001,46,21.1
21003,58,27
21005,106.1,45.2
21007,33.4,15.8
21009,86.5,39.4
21011,41.6,19.4
21013,79.9,36.6
21015,482.3,187.3
21017,69,30.8
21019,309.9,136.4
21021,157.8,68.3
21023,41.3,18.7
21025,28.2,12.7
21027,35.4,18.7
21029,250.2,98.7
21031,29.8,13.8
21033,37.7,18.2
21035,96.6,46.9
21037,597,261.2
21039,26.9,12.9
21041,84.1,36.5
21043,67.7,30.1
21045,35.9,16.9
21047,103.1,41.1
21049,141.1,62.2
21051,46.3,18.9
21053,52.1,26.9
21055,25.9,12.7
21057,22.5,12.1
21059,210.9,90.4
21061,40.2,21.4
21063,33.5,14.4
21065,58,27.1
21067,1042.8,476.5
21069,41.2,19
21071,100.3,46.2
21073,237.2,111.5
21075,33.2,16.4
21077,84.8,37.4
21079,73.5,32.4
21081,95.6,38.5
21083,67.3,30.4
21085,51.8,27.3
21087,39.4,18.6
21089,107.2,47.4
21091,45.6,19.9
21093,169.3,69.4
21095,62.9,29
21097,61.5,26.8
21099,44.2,20.8
21101,105.9,46.5
21103,53.9,23.2
21105,20.2,9.7
21107,86.6,39.1
21109,39.1,18.9
21111,1948.1,887.5
21113,282.3,112.3
21115,89.2,40.6
21117,996.7,430.4
21119,46.5,21.2
21121,82.5,37.5
21123,54.3,23.6
21125,135.6,58.6
21127,38.2,17.5
21129,37.8,16.5
21131,28.2,13.2
21133,72.6,34.3
21135,28.7,13.4
21137,74.1,32.4
21139,30.4,15.4
21141,48.6,22.3
21143,38.9,22.4
21145,263.6,124.9
21147,42.9,17.6
21149,37.8,16.9
21151,189.6,80.1
21153,43.2,19.3
21155,57.8,23.9
21157,104.4,52.3
21159,56.3,22.5
21161,72.8,33.8
21163,93.6,38.5
21165,31,18.4
21167,85.7,40
21169,34.9,16.2
21171,33.3,15.8
21173,134.3,59.3
21175,36.5,15.3
21177,67.4,29.3
21179,104,43.3
21181,36.6,16.7
21183,40.6,17.4
21185,322.2,110.5
21187,30.9,16
21189,24.1,11.8
21191,53.7,22.9
21193,84.5,37.7
21195,82.6,38.5
21197,70.5,31.3
21199,95.8,47.8
21201,22.8,11
21203,53.9,24.3
21205,83.4,36.1
21207,69.2,39.4
21209,167.4,68.5
21211,110.8,43.7
21213,74,31.7
21215,91.4,35.9
21217,92,40.8
21219,33.3,14.1
21221,32.5,17.7
21223,58.1,25.9
21225,43.8,17.9
21227,210.1,87.2
21229,39.4,17
21231,45.4,23.9
21233,41,17.9
21235,81.4,34.6
21237,33.1,16.5
21239,132.1,56.7
22001,94.3,38.8
22003,33.8,12.8
22005,369.7,140.6
22007,69.2,30.6
22009,50.5,21.7
22011,30.8,13
22013,17.7,9.5
22015,139.3,58.7
22017,290.2,127.5
22019,181.2,77.1
22021,19.1,9.4
22023,5.3,2.8
22025,14.7,6.9
22027,22.8,10.3
22029,29.9,13.5
22031,30.4,14
22033,966.6,411.4
22035,18.4,6.9
22037,44.7,17.7
22039,51.3,22.1
22041,33.2,14.5
22043,34.7,13.8
22045,127.6,51.7
22047,54,20.5
22049,28.6,13.5
22051,1463.1,639.8
22053,48.5,20.4
22055,824.6,348.5
22057,90.2,36.1
22059,23.8,10.5
22061,99.1,41.3
22063,197.5,77.4
22065,19.4,7.7
22067,35.2,15.6
22069,31.6,14.8
22071,2029.4,1120.8
22073,251.8,105.6
22075,29.5,12.3
22077,40.9,20
22079,99.9,42.3
22081,23.4,10.6
22083,37.1,15.4
22085,28,16.3
22087,95.1,44.5
22089,189.1,71.3
22091,27.4,12.6
22093,91.5,35
22095,215.5,82.2
22097,90.3,38.6
22099,70.7,29.7
22101,98.4,41.5
22103,276.4,112.8
22105,153,63.3
22107,8.7,5.6
22109,90.8,35.6
22111,25.9,12.9
22113,49.4,21.5
22115,39.4,16.1
22117,70.4,31.4
22119,69.5,32.6
22121,123.6,48.5
22123,32.3,14
22125,38.8,12.6
22127,16.1,7.6
23001,230.2,104.9
23003,10.8,5.9
23005,337.2,166
23007,18.1,12.8
23009,34.3,25.3
23011,140.8,70.3
23013,108.8,65
23015,75.6,51.5
23017,27.8,17.4
23019,45.3,21.7
23021,4.4,3.9
23023,139.1,72.1
23025,13.3,7.8
23027,53.1,29.5
23029,12.8,9
23031,199,106.8
24001,177,78.5
24003,1295.9,512.3
24005,1345.5,561
24009,416.3,158.5
24011,103.5,42.2
24013,373.4,139.4
24015,292,118.7
24017,320.2,120.1
24019,60.3,30.6
24021,353.5,136.5
24023,46.5,29.1
24025,560.1,218.6
24027,1144.9,435.8
24029,72.9,38.1
24031,1978.2,765.2
24033,1788.8,679.9
24035,128.5,54.2
24037,294.4,115.6
24039,82.8,34.8
24041,140.7,72.9
24043,322.1,132.8
24045,263.7,110
24047,109.9,119.1
24510,7671.5,3665.3
25001,548.3,407.1
25003,141.6,73.9
25005,991.3,416.8
25007,160.2,166.5
25009,1508.8,622.8
25011,102.1,48.3
25013,751,311.4
25015,299.8,118.7
25017,1837.9,748.3
25019,226.2,258.4
25021,1693.6,682.5
25023,750.9,303.7
25025,12415.6,5425.6
25027,528.6,216.3
26001,16.2,16.4
26003,10.5,7.2
26005,135,59.9
26007,51.8,28.1
26009,49.6,37.5
26011,43.8,27
26013,9.9,5.9
26015,107,48.8
26017,243.7,109
26019,54.8,38.2
26021,276.2,135.5
26023,89.4,41.2
26025,192.8,86.4
26027,106.7,52.8
26029,62.3,41.4
26031,36.6,25.6
26033,24.7,13.6
26035,54.8,41.2
26037,133.1,54.2
26039,25.3,19.9
26041,31.7,17.3
26043,34.4,18.4
26045,187.4,81.8
26047,69.9,45.6
26049,668.5,301.7
26051,51.2,35.2
26053,14.9,9.8
26055,187.3,89.6
26057,74.7,28.7
26059,78.1,36.4
26061,36.3,18.5
26063,39.6,25.4
26065,505.1,218.1
26067,111.9,43.4
26069,47.1,37.2
26071,10.1,7.9
26073,122.8,49.6
26075,228.4,99
26077,445.7,195.9
26079,30.6,21.7
26081,711.5,291.5
26083,4,4.6
26085,20.3,26.4
26087,137.4,56.5
26089,62.5,43
26091,133.3,58
26093,320.2,128.8
26095,7.4,4.8
26097,10.9,10.8
26099,1754.9,744.2
26101,45.6,28.9
26103,37.1,19
26105,58,34.9
26107,77.1,38.1
26109,23,13.6
26111,162,69.7
26113,26.3,16.1
26115,276.7,114.6
26117,89.8,40
26119,17.9,17.6
26121,344.9,147.3
26123,59.6,30.8
26125,1385.7,607.7
26127,51.9,31.1
26129,38.5,28.5
26131,5.2,4.3
26133,41.5,24.1
26135,15.3,16.1
26137,46.9,28.6
26139,468.2,181.9
26141,20.3,15.8
26143,47.1,47.1
26145,250.2,108.5
26147,226.1,99.6
26149,122.4,55.5
26151,44.8,23.6
26153,7.2,5.4
26155,133.1,57.1
26157,69.4,30.4
26159,125.5,60.6
26161,488.4,209
26163,2974.4,1342.5
26165,57.9,29.6
27001,8.9,8.8
27003,782.1,299.5
27005,24.7,14.3
27007,17.7,8.2
27009,94.2,39.5
27011,10.6,6.2
27013,85.6,35
27015,42.4,18.8
27017,41.1,18.2
27019,256.9,97.5
27021,14.1,12.3
27023,21.4,9.8
27025,129.9,51
27027,56.4,22.9
27029,8.7,4.8
27031,3.6,4
27033,18.3,8.5
27035,62.6,40.2
27037,709,283.9
27039,45.7,18.1
27041,56.5,31.2
27043,20.4,10
27045,24.2,11.3
27047,44.2,20.1
27049,61,26.9
27051,11,6.1
27053,2081.7,920.3
27055,34.5,15.6
27057,22.1,15.8
27059,86.8,35.2
27061,16.9,10.1
27063,14.6,7.1
27065,31.1,15
27067,53,24.4
27069,4.1,2.4
27071,4.3,2.5
27073,9.5,4.8
27075,5.2,3.6
27077,3.1,2.8
27079,61.7,27.7
27081,11,5.8
27083,36.2,15.5
27085,74.6,32.1
27087,9.7,5
27089,5.3,2.7
27091,29.3,14.1
27093,38.3,17.6
27095,45.6,22.3
27097,29.5,14
27099,55.1,23.9
27101,12.4,6.5
27103,73,28.7
27105,29.9,11.9
27107,7.9,3.9
27109,220.8,92.6
27111,29.1,18
27113,22.6,10.2
27115,21.1,12.2
27117,20.6,9.6
27119,16,7.4
27121,16.4,9.6
27123,3341.6,1426.9
27125,9.5,4.5
27127,18.3,8.3
27129,16,7.5
27131,129.4,49.3
27133,20.1,8.8
27135,9.3,4.5
27137,32,16.5
27139,364.5,132.2
27141,204.4,74.8
27143,25.9,11.2
27145,112.2,46.1
27147,85.1,35.7
27149,17.3,7.4
27151,13.2,6.5
27153,26.3,13.7
27155,6.2,3.6
27157,41.4,19.1
27159,25.8,12.9
27161,45.2,18.7
27163,619.7,240.4
27165,25.8,11.6
27167,8.8,4.1
27169,82.2,33.2
27171,188.5,74.1
27173,13.8,6.3
28001,69.8,31.7
28003,92.6,42.7
28005,18,9.1
28007,26.6,12.4
28009,21.5,10.3
28011,39,16.1
28013,25.5,11.8
28015,16.9,8
28017,34.7,15
28019,20.4,9.9
28021,19.7,8.7
28023,24.2,11.4
28025,50.3,22.4
28027,47.3,19.5
28029,37.9,15.7
28031,47.3,20.5
28033,338.7,129.4
28035,160.7,69.2
28037,14.4,7.4
28039,47.2,19.5
28041,20.2,7.2
28043,51.9,24.1
28045,92.7,46.1
28047,326,148.4
28049,282,118.9
28051,25.4,11.1
28053,22.4,9.2
28055,3.4,1.4
28057,43.9,19
28059,193.2,83.1
28061,25.2,12.1
28063,14.9,7.1
28065,30.6,14.4
28067,97.5,40.9
28069,13.6,6.2
28071,75,36
28073,112,48.4
28075,114.1,49.3
28077,30,14
28079,40.8,16.1
28081,184.3,79.7
28083,54.5,22.3
28085,59.5,26
28087,118.3,52.5
28089,133.2,54
28091,49.9,21.8
28093,52.6,21.1
28095,48.3,21.5
28097,26.8,12.8
28099,52.1,21.7
28101,37.6,16.2
28103,16.6,7.4
28105,104,45.7
28107,50.7,21.5
28109,68.9,29.6
28111,18.9,8.5
28113,98.8,43.7
28115,60.2,25
28117,60.9,26.6
28119,20.3,8.9
28121,182.6,72.8
28123,46.4,18.8
28125,11.4,4.9
28127,46.7,20.3
28129,25.9,11.4
28131,39.9,16.1
28133,42.2,13.9
28135,23.8,8.6
28137,71.4,27
28139,48.6,21.2
28141,46.2,24.3
28143,23.7,10.6
28145,65.3,27.7
28147,38.2,17.7
28149,82.9,37.2
28151,70.6,30
28153,25.6,11.4
28155,24.4,11.4
28157,14.6,7.4
28159,31.6,14.4
28161,27.1,13.6
28163,30.4,10.9
29001,45.1,19.9
29003,40,16.9
29005,10.4,5.5
29007,36.9,15.7
29009,45.7,22.5
29011,21,9.5
29013,20.4,9.4
29015,27.1,20.1
29017,20,9.5
29019,237.3,101.5
29021,218.6,94.2
29023,61.6,28.4
29025,22.1,10.8
29027,53.1,22.2
29029,67.1,62.8
29031,130.8,56.4
29033,13.4,6.7
29035,12.3,6.4
29037,142.8,57.4
29039,29.5,15.2
29041,10.4,5.5
29043,137.6,56.1
29045,14.1,6.9
29047,558.6,236.4
29049,49.5,21.2
29051,193,82.1
29053,31.2,13.2
29055,33.3,16.1
29057,16.1,8.1
29059,31,14.2
29061,15,7.5
29063,30.6,10.3
29065,20.8,9.7
29067,16.8,8
29069,59.1,26.6
29071,110,47.1
29073,29.4,15.8
29075,13.7,6.5
29077,407.5,185.7
29079,23.6,11.5
29081,12.4,6.1
29083,32,15.6
29085,24.1,17.1
29087,10.6,6.1
29089,21.9,9.9
29091,43.6,19.4
29093,19.3,9.7
29095,1115.3,516.3
29097,183.9,79.4
29099,333.1,133.4
29101,63.4,26
29103,8.2,4.5
29105,46.5,20.6
29107,53.1,23.4
29109,63.2,27.2
29111,20.2,9
29113,83.9,33.5
29115,20.7,10.4
29117,28.5,12.6
29119,42.8,18.4
29121,19.4,9.6
29123,24.7,12.1
29125,17.4,8.7
29127,65.9,29.4
29129,8.3,4.7
29131,41.8,21.5
29133,34.9,13.9
29135,37.6,14.9
29137,13.6,7.4
29139,22.8,11.4
29141,34.4,26
29143,28.1,12.6
29145,93,38.9
29147,26.6,10.9
29149,13.8,6.9
29151,23,10.8
29153,13.1,7.6
29155,37.1,16.6
29157,40,18.1
29159,61.9,26.7
29161,67.2,29.1
29163,27.6,11.7
29165,212.6,93.3
29167,49,20.9
29169,95.5,32.7
29171,9.6,5.8
29173,21.6,11
29175,52.7,22.2
29177,41.3,17.6
29179,8.3,5
29181,22.4,10.5
29183,643.2,251.6
29185,14.6,8.4
29186,36.4,17.3
29187,144.6,63
29189,1967.2,862.6
29195,30.9,13.4
29197,14.4,6.8
29199,11.1,5.4
29201,93.3,40.4
29203,8.4,4.1
29205,12.7,6.4
29207,36.4,16.5
29209,69.4,43.9
29211,10.4,5.2
29213,81.7,46.3
29215,22.1,9.9
29217,25.6,11.5
29219,75.9,34.3
29221,33.2,14.5
29223,17.8,10.6
29225,61.1,24.3
29227,8.1,4.8
29229,27.6,12.8
29510,5157.5,2842.9
30001,1.7,1
30003,2.6,0.9
30005,1.5,0.7
30007,4.7,2.3
30009,4.9,3.1
30011,0.3,0.2
30013,30.1,13.8
30015,1.5,0.7
30017,3.1,1.5
30019,1.2,0.8
30021,3.8,1.8
30023,12.6,7
30025,1.8,0.9
30027,2.7,1.3
30029,17.9,9.2
30031,34.4,16.2
30033,0.3,0.2
30035,4.5,1.8
30037,0.8,0.4
30039,1.8,1.6
30041,5.6,2.5
30043,6.9,3.1
30045,1.1,0.7
30047,19.3,11.1
30049,18.3,8.7
30051,1.6,0.7
30053,5.4,3.2
30055,0.7,0.4
30057,2.1,1.9
30059,0.8,0.6
30061,3.5,2
30063,42.1,19.3
30065,2.4,1.4
30067,5.6,3.3
30069,0.3,0.2
30071,0.8,0.5
30073,3.8,1.6
30075,0.5,0.3
30077,3,1.3
30079,0.7,0.4
30081,16.8,8.2
30083,4.7,2.2
30085,4.4,1.7
30087,1.8,0.8
30089,4.1,2.4
30091,2,1.2
30093,47.6,23.3
30095,5.1,2.7
30097,2,1.2
30099,2.7,1.3
30101,2.8,1.2
30103,0.7,0.4
30105,1.5,1
30107,1.5,0.8
30109,1.1,0.6
30111,56.2,24.3
31001,55.7,23.7
31003,7.8,3.8
31005,0.6,0.4
31007,0.9,0.5
31009,0.7,0.5
31011,8,3.9
31013,10.5,5.1
31015,3.9,2.6
31017,2.6,1.5
31019,47.6,19.7
31021,14,7.1
31023,14.4,6.9
31025,45.3,19.9
31027,12,5.6
31029,4.4,2.2
31031,1,0.5
31033,8.4,4.1
31035,11.4,5.2
31037,25.5,10
31039,16,7.4
31041,4.2,2.2
31043,79.5,28.9
31045,6.6,3
31047,24,10
31049,4.4,2.4
31051,12.6,5.6
31053,69.4,31.4
31055,1574.4,668.5
31057,2.2,1.2
31059,10.2,5.1
31061,5.6,3
31063,2.8,1.6
31065,6.9,3.8
31067,26.2,12.3
31069,1.2,0.8
31071,3.6,2.1
31073,4.5,2.8
31075,0.8,0.5
31077,4.5,2.3
31079,107.3,43.1
31081,16.8,7.3
31083,6.2,4.3
31085,1.4,0.7
31087,4.1,2.5
31089,4.3,2.2
31091,1,0.6
31093,11,5.2
31095,13.2,6.9
31097,13.9,5.8
31099,12.6,5.6
31101,7.9,5.1
31103,1.1,0.7
31105,4,2.1
31107,7.9,4.3
31109,340.8,144.3
31111,14.2,6.5
31113,1.3,0.7
31115,1.1,0.7
31117,0.6,0.3
31119,60.9,26.2
31121,16.2,7.6
31123,3.5,1.7
31125,8.5,4.1
31127,17.8,8.6
31129,7.8,4.3
31131,25.6,11.4
31133,6.4,3.7
31135,3.4,1.6
31137,17,7.7
31139,12.7,5.6
31141,47.8,19.8
31143,12.3,6.2
31145,15.4,7.3
31147,15.2,8
31149,1.5,0.9
31151,24.7,10
31153,664.6,259.2
31155,27.7,12.3
31157,50,22.2
31159,29.3,12
31161,2.2,1.2
31163,5.6,3.4
31165,0.6,0.4
31167,14.3,6.2
31169,9.1,4.8
31171,0.9,0.6
31173,17.6,6.1
31175,7.5,4
31177,51.9,21.3
31179,21.7,8.5
31181,6.6,3.3
31183,1.4,1
31185,23.9,10.9
32001,5,2.2
32003,247.3,106.5
32005,66.2,33.4
32007,2.8,1.1
32009,0.2,0.2
32011,0.5,0.3
32013,1.7,0.7
32015,1.1,0.5
32017,0.5,0.3
32019,26,11.3
32021,1.3,0.8
32023,2.4,1.2
32027,1.1,0.4
32029,15.3,7.6
32031,66.9,29.3
32033,1.1,0.5
32510,382.1,162.7
33001,150.1,93.4
33003,51.4,42.8
33005,109.1,49.2
33007,18.4,11.9
33009,52.2,29.9
33011,457.4,189.5
33013,156.8,68
33015,425,182.4
33017,333.7,140.1
33019,81.4,41.6
34001,494.1,227.9
34003,3884.5,1512.3
34005,561.9,219.9
34007,2321.5,926.2
34009,386.9,391
34011,324.4,115.4
34013,6211.5,2479.6
34015,895.3,341
34017,13731.4,5852.5
34019,300,115.7
34021,1632.2,637.6
34023,2621.6,954.3
34025,1344.7,551.2
34027,1069.8,412.5
34029,917,442.2
34031,2715.3,953.3
34033,199.1,82.6
34035,1071.7,408
34037,287.6,119.6
34039,5216.1,1939.5
34041,304.5,125.9
35001,570.8,244.9
35003,0.5,0.5
35005,10.8,4.4
35006,6,2.4
35007,3.7,2.7
35009,34.4,14.3
35011,0.9,0.6
35013,55,21.4
35015,12.9,5.4
35017,7.4,3.7
35019,1.5,0.8
35021,0.3,0.2
35023,1.4,0.7
35025,14.7,5.7
35027,4.2,3.6
35028,164.4,76.5
35029,8.5,3.7
35031,13.1,4.7
35033,2.5,1.7
35035,9.6,4.7
35037,3.1,1.9
35039,6.9,3.4
35041,8.1,3.3
35043,35.5,14.1
35045,23.6,8.9
35047,6.2,3.3
35049,75.5,37.3
35051,2.9,2
35053,2.7,1.2
35055,15,9.2
35057,4.9,2.3
35059,1.2,0.6
35061,71.8,28.2
36001,581.9,263.5
36003,47.6,25.4
36005,32903.3,12160.1
36007,284.2,128.3
36009,61.4,31.4
36011,115.7,52.8
36013,127.2,63.1
36015,218.1,94.2
36017,56.5,27.7
36019,79.1,34.6
36021,99.4,51.6
36023,98.9,41.3
36025,33.3,21.6
36027,373.9,149.1
36029,881.4,402.8
36031,21.9,14.3
36033,31.7,15.5
36035,112.1,57.6
36037,121.9,51.9
36039,76.1,45.1
36041,2.8,5.1
36043,45.7,23.6
36045,91.6,45.7
36047,35369.2,14125.3
36049,21.3,11.9
36051,103.5,42.9
36053,112.2,48.5
36055,1132.6,487.8
36057,124.6,57.2
36059,4704.8,1645
36061,69468.4,37106.4
36063,414.4,189.8
36065,193.7,85.9
36067,600,260
36069,167.6,74.8
36071,459.3,168.8
36073,109.6,47.1
36075,128.3,56.3
36077,62.2,30.7
36079,432.9,166
36081,20553.6,7694.7
36083,244.4,109.6
36085,8030.3,3026.5
36087,1795.9,599.6
36089,41.8,19.4
36091,271.1,121.8
36093,756.6,333.5
36095,52.7,27.7
36097,55.9,28.8
36099,108.9,49.6
36101,71.2,35.1
36103,1637.4,624.9
36105,80.1,50.8
36107,98.6,42.8
36109,214,87.8
36111,162.3,74.4
36113,75.8,44.7
36115,76.1,34.7
36117,155.3,68
36119,2204.7,861.4
36121,71.1,30.3
36123,75,39.9
37001,356.5,157
37003,143.1,62.3
37005,47.5,34.4
37007,50.7,21.8
37009,64,40.7
37011,72,56.2
37013,57.7,29.8
37015,30.4,14
37017,40.2,20.3
37019,126.8,91.5
37021,362.9,172.6
37023,179.3,80.6
37025,492.1,198.9
37027,176.1,79.9
37029,41.5,17.1
37031,131.3,95.2
37033,55.8,25
37035,387.1,170.3
37037,93.1,42.1
37039,60.3,38.5
37041,85.8,42.3
37043,49.3,33.2
37045,211.3,93.4
37047,62,27.8
37049,146,63.5
37051,489.7,207.8
37053,89.9,55.2
37055,88.5,87.4
37057,294.7,131.5
37059,156.1,69.1
37061,71.7,31.5
37063,935.7,420.4
37065,111.9,49.2
37067,859.2,384.4
37069,123.3,54.1
37071,578.8,249.1
37073,35.8,15.3
37075,30.3,20.3
37077,112.7,42.9
37079,80.3,30.9
37081,756.4,337.6
37083,75.5,35.6
37085,192.7,78.5
37087,106.6,63.1
37089,286.1,146.6
37091,69.9,30.1
37093,120.2,46.6
37095,9.5,5.5
37097,277.8,120.3
37099,82.1,52.9
37101,213.4,85.5
37103,21.6,10.3
37105,227,94.7
37107,148.5,68.5
37109,262.7,112.9
37111,102.1,47.2
37113,65.8,49
37115,46.2,23.6
37117,53.1,25.4
37119,1755.5,760.7
37121,70.4,39.3
37123,56.5,32.4
37125,126.5,63
37127,177.3,78.2
37129,1058.1,529.6
37131,41.2,21.8
37133,233.1,89.4
37135,336.2,139.7
37137,39.1,22.4
37139,179.2,74.2
37141,60,30.7
37143,54.4,28.3
37145,100.6,46.4
37147,257.9,115
37149,86.3,48.1
37151,181.1,78
37153,98.4,43.8
37155,141.3,55.6
37157,165.6,77.3
37159,270.7,117.7
37161,120.2,60.1
37163,67.1,28.8
37165,113.4,47.7
37167,153.3,68.6
37169,105.6,48.8
37171,138.4,63.3
37173,26.5,16.5
37175,87.4,50.6
37177,11.3,5.3
37179,318.7,115.4
37181,179.2,79.2
37183,1078.8,445.2
37185,48.9,27.6
37187,38,18.6
37189,163.4,102.8
37191,221.7,95.7
37193,91.9,43.8
37195,220.6,96.5
37197,114.7,51.8
37199,57,35.3
38001,2.4,1.4
38003,7.4,3.8
38005,4.8,2.1
38007,0.7,0.4
38009,3.9,2.6
38011,2.7,1.4
38013,1.8,1.2
38015,49.8,21.9
38017,84.9,38.5
38019,2.7,1.6
38021,4.7,2.3
38023,1.6,1.1
38025,1.8,1.1
38027,3.8,2.1
38029,2.4,1.4
38031,5.3,2.8
38033,1.7,1
38035,46.5,20.4
38037,1.4,1
38039,3.4,2.1
38041,2.2,1.2
38043,1.8,1.2
38045,3.6,2
38047,2,1.2
38049,2.9,1.6
38051,2.9,1.9
38053,2.3,1.1
38055,4.2,2.6
38057,8.1,4.3
38059,14.3,6.3
38061,4.2,2.3
38063,3.2,2
38065,2.6,1.3
38067,6.6,3.4
38069,4.3,2.2
38071,9.6,4.7
38073,6.3,3.1
38075,2.8,1.6
38077,11.4,5.2
38079,15.4,5.9
38081,4.5,2.3
38083,1.4,0.9
38085,3.8,1.2
38087,0.6,0.4
38089,18.1,8
38091,2.8,1.6
38093,9.5,4.4
38095,2.2,1.4
38097,9.4,4.4
38099,8.7,4.3
38101,30.6,13.3
38103,3.3,2
38105,10.8,5
39001,48.9,22.2
39003,264.2,111.8
39005,125.6,52.3
39007,144.6,65.7
39009,128.6,52.4
39011,114.5,48.8
39013,132.3,61
39015,91.5,39.4
39017,788.2,317.5
39019,73.1,34.7
39021,93.5,39.1
39023,348,154.5
39025,436.5,178.4
39027,102.9,44.4
39029,202.7,88.5
39031,65.4,29.3
39033,109,50.2
39035,2800,1360
39037,88.5,38
39039,94.9,40.7
39041,393.2,149.8
39043,306.4,150.4
39045,289.8,116.3
39047,71.4,31.2
39049,2186.1,990.6
39051,105.3,42.9
39053,66.3,29.8
39055,233.4,91.4
39057,390.5,164.9
39059,76.8,36.8
39061,1976.7,929.7
39063,140.7,62.4
39065,68.1,27.8
39067,39.4,20.3
39069,67.8,28.8
39071,78.8,35
39073,69.7,31.8
39075,100.3,32.3
39077,121.3,51.3
39079,79,34.7
39081,170.7,80.4
39083,115.9,47.8
39085,1011.2,444.9
39087,137.7,60.9
39089,243.9,101.5
39091,100,50.6
39093,613.6,258.7
39095,1296.2,594.5
39097,93.2,34.2
39099,580.2,271.7
39101,164.7,68.9
39103,409,164.2
39105,55.3,26
39107,88.3,38.1
39109,252.1,108.8
39111,32.1,16.6
39113,1159.5,552
39115,36.2,19
39117,85.8,34.9
39119,129.5,57.3
39121,36.8,15.2
39123,162.5,109.5
39125,47.1,21
39127,88.4,37.3
39129,111.1,42.4
39131,65.2,28.3
39133,331.2,138.4
39135,99.7,42.2
39137,71.5,28.5
39139,251.3,110.2
39141,113.3,46.6
39143,149.2,64.6
39145,130.3,56
39147,103,43.8
39149,121.2,49.5
39151,652.9,287.2
39153,1312.6,593.8
39155,340.1,155.5
39157,163.1,70.8
39159,121.1,45
39161,70.3,30.8
39163,32.6,15.3
39165,530,201.2
39167,97.8,44.9
39169,206.4,82.6
39171,89.4,39.6
39173,203.3,86.5
39175,55.6,24.3
40001,39.6,15.9
40003,6.5,3.2
40005,14.5,6.5
40007,3.1,1.5
40009,24.5,10.7
40011,12.9,5.6
40013,46.9,21.7
40015,23.2,10.3
40017,128.9,51.1
40019,57.8,25.7
40021,62.7,28.6
40023,19.7,9.8
40025,1.3,0.9
40027,474.7,194.6
40029,11.5,5.4
40031,116.1,47.5
40033,9.8,4.8
40035,19.7,8.9
40037,73.6,31.3
40039,27.8,12.3
40041,56.2,33.6
40043,4.8,2.4
40045,3.4,1.9
40047,57.2,25.3
40049,34.4,16
40051,47.6,20.2
40053,4.5,2.5
40055,9.8,4.3
40057,5.4,2.9
40059,3.5,1.8
40061,22.1,10.5
40063,17.4,7.7
40065,32.9,15
40067,8.5,4.5
40069,17,8
40071,50.6,23.6
40073,16.7,7.1
40075,9.3,5.1
40077,15.4,6.9
40079,31.7,13.5
40081,36,16
40083,56.3,23.1
40085,18.3,8.8
40087,60.5,24.5
40089,17.9,8.4
40091,32.7,21.6
40093,7.9,3.8
40095,42.7,27
40097,63,29.4
40099,32.4,16.2
40101,87.6,38.1
40103,15.8,7.3
40105,18.6,8.5
40107,19.7,8.5
40109,1013.8,451.2
40111,57.5,25.7
40113,21.1,9.4
40115,67.6,29.9
40117,29.2,13.6
40119,113,49.6
40121,35.1,17.3
40123,52,23
40125,88.2,37
40127,8.3,4.4
40129,3.2,1.7
40131,128.6,52
40133,40.3,18.4
40135,63,27.7
40137,51.8,23.7
40139,10.1,4
40141,9.2,4.7
40143,1058.1,470.7
40145,130.1,52.9
40147,122.7,56.4
40149,11.6,5.5
40151,6.9,3.5
40153,16.2,7.1
41001,5.3,2.9
41003,126.6,53.6
41005,201,83.9
41007,44.7,26
41009,75.1,31.5
41011,39.5,19.2
41013,7,3.4
41015,13.7,7.8
41017,52.3,26.6
41019,21.4,9.7
41021,1.6,1
41023,1.6,1
41025,0.7,0.4
41027,42.8,17.8
41029,73,32.7
41031,12.2,5.5
41033,50.4,23.2
41035,11.2,5.5
41037,1,0.5
41039,77.2,34.3
41041,47,31.2
41043,50.9,21.3
41045,3.2,1.2
41047,266.7,102.3
41049,5.5,2.2
41051,1704.9,753.2
41053,101.8,40.9
41055,2.1,1.1
41057,22.9,16.7
41059,23.6,9.2
41061,12.6,5.6
41063,2.2,1.3
41065,10.6,4.8
41067,731.4,293.3
41069,0.8,0.5
41071,138.6,51.8
42001,195.5,78.7
42003,1675.6,807
42005,105.5,49.8
42007,392.3,179.9
42009,49.2,23.7
42011,480.4,192.4
42013,241.7,107
42015,54.6,26.1
42017,1034.7,407
42019,233.1,99.1
42021,208.7,95.4
42023,12.8,11.2
42025,171.1,89.9
42027,138.7,57
42029,664.7,256.4
42031,66.6,33.2
42033,71.3,33.8
42035,44.2,21.5
42037,139.3,61.1
42039,87.7,44.1
42041,431.6,183.3
42043,510.6,229.3
42045,3040.5,1212.5
42047,38.6,21.3
42049,351.1,149.1
42051,172.8,79.4
42053,18.1,20.5
42055,193.7,81.9
42057,33.9,16.3
42059,67.2,28.6
42061,52.5,25.6
42063,107.5,46.2
42065,69.3,34.4
42067,63,28.1
42069,467.1,210.9
42071,550.4,215
42073,254.4,114.4
42075,369.1,153.6
42077,1012.5,413.2
42079,360.4,167.1
42081,94.5,42.7
42083,44.4,21.7
42085,173.4,76.9
42087,113.6,52.4
42089,279.2,132.1
42091,1655.9,674.3
42093,140.3,61.2
42095,805.4,325.6
42097,206.2,98.4
42099,83.4,37
42101,11379.5,4997.5
42103,105.3,70.4
42105,16.1,12
42107,190.4,89
42109,120.8,48.8
42111,72.4,35.5
42113,14.3,14
42115,52.7,27.9
42117,37,18.8
42119,142.2,53.8
42121,81.5,40.7
42123,47.3,26.6
42125,242.5,108.5
42127,72.8,43.6
42129,355.4,163.7
42131,71.2,33.4
42133,481.1,197.6
44001,2064,862.8
44003,985.9,437.3
44005,809.6,408.2
44007,1530.3,646.7
44009,385.7,188.9
45001,51.8,24.6
45003,149.5,67.5
45005,25.5,11
45007,261.6,118.5
45009,40.6,19.6
45011,41.2,19.1
45013,281.5,161.4
45015,161.8,66.8
45017,39.8,19.3
45019,382.3,185.6
45021,140.9,61.1
45023,57.1,25.3
45025,58.5,26.9
45027,57.6,28.8
45029,36.8,18.8
45031,122.4,54
45033,79.2,33.9
45035,238.2,96.3
45037,53.9,21.1
45039,34.9,17
45041,171.1,73.3
45043,73.9,41.4
45045,574.7,249
45047,153.2,68.3
45049,37.7,16.3
45051,237.5,164
45053,37.8,15.7
45055,84.9,37.8
45057,139.6,59.5
45059,93.2,43
45061,46.9,19
45063,375.4,163
45065,28.5,15.2
45067,67.6,30.6
45069,60.3,25.2
45071,59.5,28.4
45073,118.6,61.9
45075,83.6,38.4
45077,240.2,103.2
45079,507.9,213.6
45081,43.9,20.5
45083,351.9,151.8
45085,161.6,69.2
45087,56.3,27.5
45089,36.8,16.4
45091,332.2,138.4
46003,3.8,1.9
46005,13.8,6.6
46007,2.9,1.1
46009,12.5,5.2
46011,40.3,16.6
46013,21.3,9.8
46015,6.4,3
46017,4.1,1.3
46019,4.5,2.1
46021,2,1.3
46023,8.3,3.5
46025,3.9,1.8
46027,33.6,13.7
46029,39.5,18
46031,1.6,0.6
46033,5.3,3
46035,44.8,20.3
46037,5.6,3.5
46039,7,3.5
46041,2.3,0.9
46043,7,3.3
46045,3.6,1.7
46047,4.1,2.4
46049,2.4,1.2
46051,10.8,5.2
46053,4.2,2.5
46055,1.1,0.6
46057,11.6,5.4
46059,2.4,1.3
46061,7.7,2.7
46063,0.5,0.3
46065,23,10.3
46067,9,4.1
46069,1.7,0.8
46071,1.6,0.6
46073,3.9,2
46075,1,0.6
46077,6.2,3.3
46079,19.9,9.9
46081,30.1,15.9
46083,77.7,31
46085,2.3,1
46087,9.8,4.3
46089,2.2,1.2
46091,5.6,3
46093,7.3,3.2
46095,1.6,0.6
46097,4.2,2.3
46099,210,88.7
46101,12.5,5.4
46103,36.4,16.2
46105,1,0.6
46107,2.7,1.7
46109,9.2,4.5
46111,4.1,2.1
46113,6.5,1.7
46115,4.3,2.1
46117,2.1,1
46119,1.4,0.8
46121,6.9,2.3
46123,3.5,1.9
46125,13.5,6.4
46127,31.3,13.6
46129,7.7,4.2
46135,43.1,18.5
46137,1.4,0.5
47001,222.8,103
47003,95.1,38.8
47005,41.8,22.8
47007,31.7,14.1
47009,220.2,98.9
47011,301,125.9
47013,84.8,41.6
47015,52,22.7
47017,47.6,22
47019,168.3,81.3
47021,129.3,51.8
47023,60,24.4
47025,74.1,34.2
47027,33.2,18.1
47029,82.1,40.2
47031,123.1,54.6
47033,54.9,24.2
47035,82.3,41.3
47037,1243.3,563.4
47039,35.2,20.6
47041,61.5,30.9
47043,101.4,42.5
47045,74.8,32.6
47047,54.5,22.2
47049,36,18
47051,74,33.7
47053,82.4,36.5
47055,48.3,22.7
47057,80.7,38.8
47059,110.6,51.5
47061,38,17.7
47063,388,167.3
47065,620.3,278.6
47067,30.7,16.3
47069,40.8,16.2
47071,45.1,24.2
47073,116.7,55.2
47075,35.2,15.6
47077,53.4,24.6
47079,57.5,30.3
47081,40.3,16.8
47083,42.1,20.9
47085,34.9,16.7
47087,37.7,19
47089,187.6,85.7
47091,61.1,30
47093,850.5,383.6
47095,47.2,15.7
47097,58.9,23.8
47099,67.8,29.5
47101,43.1,19.4
47103,58.5,26.7
47105,211.8,94.8
47107,121.5,54.3
47109,46.3,21.2
47111,72.4,32.1
47113,176.4,75.2
47115,56.7,26
47117,81.5,34.9
47119,132,57.5
47121,60.2,28.8
47123,70,32.7
47125,319.6,130
47127,49.2,22.6
47129,42.1,17.1
47131,58.4,26.9
47133,50.9,23.7
47135,19.1,11.1
47137,31.2,21.2
47139,38.7,18.4
47141,180.3,79.5
47143,100.9,45.5
47145,150.2,71.3
47147,139.2,54.8
47149,424,166.2
47151,41.8,18.6
47153,53.1,24
47155,151.7,94.4
47157,1215.5,521.9
47159,61,27.1
47161,29,14.8
47163,379.4,178.4
47165,303.4,124.6
47167,133.3,50.6
47169,68.9,29.5
47171,98.4,47.4
47173,85.5,40.1
47175,20.3,9.7
47177,92.1,41.2
47179,376.7,175.4
47181,23.2,9.9
47183,60.3,26.7
47185,68.6,30.6
47187,314.4,117.6
47189,199.7,79.8
48001,55,18.9
48003,9.9,3.9
48005,108.8,44.6
48007,91.9,60.9
48009,10,4.5
48011,2.1,1
48013,36.8,14.5
48015,44,20
48017,8.7,3.4
48019,25.9,14.6
48021,83.5,33
48023,4.3,3.1
48025,36.2,12.1
48027,295.2,119.4
48029,1383.1,534.7
48031,14.8,7.8
48033,0.7,0.4
48035,18.5,9.8
48037,104.6,43.5
48039,230.7,87.2
48041,332.8,132.7
48043,1.5,0.9
48045,1.8,1.1
48047,7.7,3.4
48049,40.3,19.4
48051,26.1,13.4
48053,43,21
48055,69.8,25.2
48057,42.2,22.5
48059,15.1,7.3
48061,456,159.3
48063,63.3,28.9
48065,6.7,3
48067,32.5,15.3
48069,9,3.5
48071,58.8,22.3
48073,48.3,19.8
48075,10.1,4.1
48077,9.9,4.7
48079,4,1.8
48081,3.6,2.9
48083,7,4.4
48085,930,357.8
48087,3.3,1.8
48089,21.7,11
48091,193.9,84.2
48093,14.9,7.7
48095,4.2,1.7
48097,43.9,19
48099,71.7,23.9
48101,1.7,1.1
48103,5.6,2.1
48105,1.3,0.7
48107,6.7,3.2
48109,0.6,0.3
48111,4.5,1.9
48113,2718,1082.6
48115,15.4,5.8
48117,12.9,4.7
48119,20.4,9.6
48121,754.3,291.6
48123,22.1,10.1
48125,2.7,1.4
48127,7.5,3.3
48129,4,2.3
48131,6.6,3.1
48133,20.1,11.1
48135,152.8,59.1
48137,0.9,0.8
48139,159.9,58.1
48141,790.6,266.9
48143,35,15.7
48145,23.3,10.1
48147,38.1,15.9
48149,25.8,14.6
48151,4.4,2.5
48153,6.5,3
48155,1.9,1.1
48157,679.5,228.7
48159,37.3,20.3
48161,22.6,10.6
48163,15.2,5.2
48165,11.7,4.2
48167,769.9,350.2
48169,7.2,2.5
48171,23.5,12.1
48173,1.4,0.6
48175,8.5,4.4
48177,18.6,8.2
48179,24.3,11
48181,129.6,57.6
48183,445.4,181.2
48185,33.8,13.9
48187,184.9,70.3
48189,36.1,13.5
48191,3.8,2.2
48193,10.2,5.5
48195,6.1,2.5
48197,6,3.5
48199,61.3,25.4
48201,2402.4,938.5
48203,72.9,30.8
48205,4.1,1.3
48207,6.5,3.8
48209,231.7,87.6
48211,4.2,1.8
48213,89.9,45.3
48215,493.2,158.1
48217,36.6,16.8
48219,25.2,10.2
48221,121.7,59.3
48223,45.8,19.6
48225,19.3,9.4
48227,38.9,14.6
48229,0.8,0.3
48231,102.5,43.7
48233,25,12
48235,1.5,0.8
48237,9.9,4.5
48239,17,7.9
48241,38,17.9
48243,1,0.7
48245,287.9,119.2
48247,4.7,2.1
48249,47.2,18.7
48251,208.3,78.3
48253,21.8,8
48255,19.8,7.6
48257,132.4,49.1
48259,50.4,21.2
48261,0.3,0.2
48263,0.9,0.6
48265,45,21.6
48267,3.7,2.7
48269,0.3,0.2
48271,2.6,1.4
48273,36.4,14.5
48275,4.4,2.4
48277,54.9,24.8
48279,13.8,6
48281,27.6,12.2
48283,4.6,1.8
48285,19.9,10.7
48287,26.4,11.9
48289,15.7,8.9
48291,65.3,24.8
48293,25.8,11.6
48295,3.5,1.6
48297,11.1,5.8
48299,20.7,15.3
48301,0.1,0.1
48303,311.3,128.5
48305,6.6,3
48307,7.8,4
48309,226.5,91.7
48311,0.6,0.4
48313,29.3,10.9
48315,27.7,16.3
48317,5.2,2
48319,4.3,2.9
48321,33.4,17.1
48323,42.4,13.7
48325,34.7,13.6
48327,2.5,1.9
48329,152,60.4
48331,24.3,11.1
48333,6.6,3.8
48335,10.3,4.5
48337,21.2,10.9
48339,437.5,170.5
48341,24.3,8.8
48343,51.3,23.9
48345,1.2,0.8
48347,68.2,29
48349,47.3,20
48351,15.5,7.6
48353,16.7,7.8
48355,405.8,168.2
48357,11.1,4.4
48359,1.4,0.6
48361,245.3,105.8
48363,29.5,16
48365,29.7,13.6
48367,129.4,51.6
48369,11.7,4.3
48371,3.3,1.2
48373,43,21.5
48375,133.3,52
48377,2,1
48379,47.6,23
48381,132.4,56.6
48383,2.9,1.2
48385,4.7,3.7
48387,12.4,6.6
48389,5.2,1.8
48391,9.6,4.8
48393,1,0.5
48395,19.4,9.9
48397,616.7,219.9
48399,10,5
48401,57.7,22.9
48403,22,16.3
48405,16.7,10.1
48407,46.3,23.2
48409,93.5,38.2
48411,5.4,2.8
48413,2.6,1.1
48415,18.7,7.7
48417,3.7,1.9
48419,32,14.9
48421,3.3,1.4
48423,227.6,94.8
48425,45.5,19.7
48427,49.8,16
48429,10.7,5.5
48431,1.2,0.7
48433,1.6,1
48435,2.8,1.4
48437,8.8,3.6
48439,2094.7,827.7
48441,143.6,60.9
48443,0.4,0.3
48445,14.2,5.4
48447,1.8,1.2
48449,79.6,29.7
48451,72.4,30.6
48453,1034.4,445.6
48455,21,12.6
48457,23.5,11.4
48459,67.4,28.5
48461,2.7,1.2
48463,17,7
48465,15.5,5.9
48467,62.4,27.1
48469,98.4,40.1
48471,86.5,30.7
48473,84.1,30.8
48475,12.8,5.6
48477,55.8,25.7
48479,74.5,21.9
48481,38,15.8
48483,5.9,3
48485,209.5,88.5
48487,13.9,6.5
48489,37.5,11.9
48491,378,145.6
48493,53.4,20.9
48495,8.5,3.6
48497,65.4,26.3
48499,65,32.3
48501,9.9,3.7
48503,20.3,9.4
48505,14,6.2
48507,9,3.3
49001,2.6,1.1
49003,8.7,3
49005,96.7,31.8
49007,14.5,6.5
49009,1.5,1.6
49011,1025.8,326.6
49013,5.7,2.9
49015,2.5,1
49017,1,0.7
49019,2.5,1.3
49021,14,6
49023,3,1
49025,1.8,1.5
49027,1.9,0.8
49029,15.5,4.9
49031,2.1,1.2
49033,2.2,2.8
49035,1387.1,490.4
49037,1.9,0.7
49039,17.5,6.5
49041,10.9,4.4
49043,19.4,14.2
49045,8.4,2.8
49047,7.3,2.7
49049,257.8,74
49051,20,9
49053,56.9,23.8
49055,1.1,0.6
49057,401.4,149.6
50001,48,21.9
50003,55,31
50005,48.1,24.6
50007,291.7,122.5
50009,9.5,7.6
50011,75.3,34.1
50013,85.2,61.7
50015,53.3,28.3
50017,42.1,21.6
50019,39.3,23.3
50021,66.3,36.3
50023,86.6,43.6
50025,56.7,37.9
50027,58.5,35.2
51001,73.8,46.7
51003,137.3,58.4
51005,36.5,18.1
51007,35.7,15.1
51009,68.3,29.5
51011,44.9,20.8
51013,7993.5,4058
51015,76.3,32.3
51017,8.9,6.2
51019,91.2,42.4
51021,19.1,9.1
51023,61.2,26.9
51025,30.8,14.4
51027,47.9,23
51029,29.6,12.5
51031,108.8,49.2
51033,54.1,22.2
51035,63.3,34.9
51036,39.7,17.7
51037,26.5,13.2
51041,747.1,289.5
51043,79.7,35.4
51045,15.7,8.5
51047,123.1,46.6
51049,33.8,15.6
51051,48.1,22.9
51053,55.6,22.7
51057,43.4,22.4
51059,2766.8,1043.6
51061,100.7,39.5
51063,40.2,20.5
51065,89.8,36.3
51067,81.3,42.5
51069,189.4,75.8
51071,48.6,23.4
51073,169.2,72.8
51075,77.2,30.6
51077,35.1,20.7
51079,117.8,48.1
51081,41.5,13.9
51083,44.3,22
51085,213.1,81.9
51087,1313.4,568.2
51089,141.6,68.7
51091,5.6,4.4
51093,111.8,46.4
51095,470.4,209.2
51097,22,10.8
51099,131.3,52.8
51101,58.2,23.8
51103,85.5,55.5
51105,58.8,27
51107,605.8,212.3
51109,66.8,32.9
51111,29.9,13.7
51113,41.5,18.5
51115,104.5,66
51117,52.3,29.7
51119,84.1,54.7
51121,243.9,99.7
51125,31.9,21.1
51127,87.9,34.8
51131,58.5,34.5
51133,64.5,47
51135,50.4,21.2
51137,98.2,42.9
51139,77.3,37.3
51141,38.3,20.9
51143,65.5,32.3
51145,107.8,38.6
51147,66.8,26.1
51149,134.7,45.5
51153,1195,407.6
51155,109,53.9
51157,27.7,14.4
51159,48.3,20.1
51161,368.7,159.7
51163,37.3,18.7
51165,89.9,39.6
51167,61,28.5
51169,43.3,22.3
51171,82.5,41
51173,71.4,34.2
51175,31,12.5
51177,304.9,112.5
51179,479.5,163.5
51181,25.3,12.3
51183,24.7,9.6
51185,86.9,40.1
51187,176,75.1
51191,97.8,45.6
51193,76.1,46.3
51195,102.8,44.5
51197,63.3,30.5
51199,624.8,256.2
51510,9314.3,4816.4
51515,904.6,424.5
51520,1370.6,678.6
51530,992,438
51540,4246.3,1874.2
51550,652,244.1
51570,2315.3,1041.4
51580,1090.1,560.8
51590,1002.8,522.6
51595,859.8,372.1
51600,3616.6,1391.2
51610,6169.8,2746.2
51620,1045.8,475.4
51630,2326.2,1002.6
51640,854.7,394.7
51650,2673.2,1158.6
51660,2808.2,1001.5
51670,2197.9,984.7
51678,2820.3,1019.7
51680,1538.2,651.2
51683,3827.8,1328.1
51685,5633.1,1935.5
51690,1261.5,657.6
51700,2630,1108.9
51710,4486.3,1755.7
51720,529.1,260
51730,1413.8,711.9
51735,793.3,308.6
51740,2838.9,1212.6
51750,1662.2,651.1
51760,3414.7,1644.5
51770,2279.8,1114.9
51775,1718,750.3
51790,1188.8,587.6
51800,211.4,82.6
51810,1758.9,714.3
51820,1396.8,646.1
51830,1559.3,573.7
51840,2838.1,1285.9
53001,9.7,3.2
53003,34,15.5
53005,103,40.4
53007,24.8,12.1
53009,41.1,20.5
53011,676.2,266.2
53013,4.7,2.5
53015,89.8,38.1
53017,21.1,8.8
53019,3.4,2
53021,62.9,19.7
53023,3.2,1.7
53025,33.3,13.1
53027,38.3,18.5
53029,376.6,193
53031,16.6,9.9
53033,912.9,402.4
53035,635.9,271.9
53037,17.8,9.5
53039,10.9,5.2
53041,31.4,14.2
53043,4.6,2.5
53045,63.3,33.9
53047,7.8,4.2
53049,22.4,16.7
53051,9.3,5.7
53053,476.3,194.9
53055,90.7,76.5
53057,67.5,29.7
53059,6.7,3.4
53061,341.8,137.3
53063,267.2,114.2
53065,17.6,8.5
53067,349.4,149.8
53069,15.1,7.8
53071,46.3,18.5
53073,95.5,43
53075,20.7,8.9
53077,56.6,19.9
54001,48.6,23
54003,324.4,139.4
54005,49.1,22.1
54007,28.4,14.5
54009,269.8,122.9
54011,342.8,164.3
54013,27.3,14.2
54015,27.5,13.4
54017,25.7,12.3
54019,69.6,32.7
54021,25.7,10.2
54023,25,13.3
54025,34.8,18.6
54027,37.4,21.4
54029,371.3,176
54031,24.1,13.9
54033,166.1,75.6
54035,62.9,28.7
54037,255.2,105.1
54039,214.1,102.7
54041,42.5,20.7
54043,49.7,22.6
54045,81,36.9
54047,41.5,21.2
54049,182.7,85.7
54051,108.4,52.1
54053,63.4,30.2
54055,148.6,71.9
54057,86.1,39.8
54059,63.4,30
54061,267.1,120.1
54063,28.6,16.1
54065,76.6,42.6
54067,40.6,20.2
54069,420,200.1
54071,11.1,7.4
54073,58.5,26.1
54075,9.3,9.4
54077,51.7,23.3
54079,160.5,67.8
54081,130.3,59.4
54083,28.3,13.6
54085,23.1,12.9
54087,30.9,15.2
54089,38.6,21.3
54091,97.8,43.6
54093,17,12.8
54095,35.9,19.5
54097,68.4,31.3
54099,84,38
54101,16.5,9.8
54103,46.3,22.8
54105,24.6,13.9
54107,237.4,109.8
54109,47.6,21.9
55001,32.3,27
55003,15.5,9.2
55005,53.2,27.4
55007,10.2,8.8
55009,468.2,197
55011,20.2,9.9
55013,18.8,18.6
55015,153.9,61.9
55017,61.9,27
55019,28.7,12.5
55021,74.2,34.1
55023,29.2,15.4
55025,407.7,180.4
55027,101.4,42.3
55029,57.6,49.7
55031,33.9,17.5
55033,51.6,21.1
55035,154.8,66.1
55037,9.1,9.8
55039,141.2,61
55041,9.2,8.8
55043,44.7,18.8
55045,63.1,27.2
55047,54.5,30.4
55049,31.1,14.1
55051,7.8,7.9
55053,20.7,9.8
55055,150.4,63.2
55057,34.8,19.1
55059,611.9,254.7
55061,60.1,27.2
55063,253.8,107.2
55065,26.6,11.4
55067,22.9,14.2
55069,32.7,19.1
55071,138.3,63.1
55073,86.8,37.4
55075,29.8,21.7
55077,33.8,21.7
55078,11.8,6.3
55079,3926,1731.8
55081,49.6,21.3
55083,37.7,23.6
55085,32.3,27.1
55087,277.2,114.7
55089,370.7,155.6
55091,32.2,15.4
55093,71.5,28.1
55095,48.4,26.5
55097,87.4,37.5
55099,11.3,8.9
55101,587.7,247.1
55103,30.7,15.1
55105,223.3,95.3
55107,16.2,9.7
55109,116.8,47
55111,74.6,35.8
55113,13.2,12.7
55115,47,23.2
55117,225.9,99.3
55119,21.2,10.9
55121,39.3,17.2
55123,37.6,17.3
55125,25,29.3
55127,184.2,92.8
55129,20,16.3
55131,306.2,127
55133,709.4,292.7
55135,70.1,34
55137,39.1,23.7
55139,384.3,168.8
55141,94.2,43
56001,8.5,4.2
56003,3.7,1.7
56005,9.6,3.9
56007,2,1.1
56009,3.3,1.5
56011,2.5,1.3
56013,4.4,1.9
56015,6,2.7
56017,2.4,1.3
56019,2.1,1.1
56021,34.2,15.1
56023,4.4,2.2
56025,14.1,6.3
56027,0.9,0.5
56029,4.1,2
56031,4.2,2.2
56033,11.5,5.5
56035,2.1,1.2
56037,4.2,1.8
56039,5.3,3.2
56041,10.1,4.2
56043,3.8,1.7
56045,3,1.5
72001,292.1,121.8
72003,1360,591.8
72005,1668.5,778.3
72007,952.6,381.9
72009,827.2,332.4
72011,744.8,324.7
72013,765.7,343.4
72015,1304.3,591.4
72017,1327.6,572
72019,885.1,332.9
72021,4695.3,1941.6
72023,723.5,429.2
72025,2438.6,1030.3
72027,758.5,311.3
72029,1449.8,592.5
72031,3900.3,1761.7
72033,5808.6,2312.5
72035,926.5,403.1
72037,469.5,267.1
72039,282.3,116.3
72041,1207.1,474.8
72043,519.3,214.3
72045,731.6,284.9
72047,872.4,328.8
72049,156.4,137.9
72051,1653,722.7
72053,1238.7,649.3
72054,833.7,337.8
72055,524.3,260.9
72057,698,303.3
72059,510.5,206.4
72061,3550.7,1523.4
72063,1626.9,649.3
72065,1004.1,415.6
72067,1520.6,686.1
72069,1306.4,627.9
72071,825.1,384.5
72073,373.7,146.9
72075,841.9,332.1
72077,1521,631.1
72079,429.6,206.8
72081,500.5,210.8
72083,213.1,86
72085,1141.5,479.6
72087,1552.2,655.2
72089,777.5,424.9
72091,977.5,426.8
72093,171.4,74.8
72095,580.3,263.3
72097,1147.3,551.5
72099,796.7,333.7
72101,838.9,318.5
72103,517.2,232.8
72105,1109.5,411.7
72107,368.2,145.5
72109,412.8,200.4
72111,544.2,206.6
72113,1449.3,606.7
72115,1142.7,474.1
72117,1063.8,678.5
72119,895.8,400.8
72121,705.1,305.8
72123,448,207.3
72125,651.9,292.1
72127,8262.3,4178.2
72129,773.1,324.4
72131,602.5,265.5
72133,684.1,281.4
72135,2741.5,999.6
72137,3855.7,1572.5
72139,3604.4,1459
72141,292,125
72143,1440.8,613.2
72145,1301.1,553.9
72147,183.2,109.1
72149,731.6,272.5
72151,687.2,286.1
72153,616.5,264.3
