,deaths
657,0.0
1331,0.0
597,0.019618614141097074
1753,0.07484096295372333
1205,0.04672169444011836
2888,0.023949227637408695
2927,0.0
570,0.24264143195774307
632,0.32037279743701763
2550,0.04972650422675286
2283,0.0
2080,0.025801124929046907
1255,0.0
2454,0.0
2963,0.025983924611973394
2033,0.0
2884,0.04698364968990791
2724,0.07074637424831977
2711,0.0
1887,0.0
123,0.0
2383,0.123634865031939
2118,0.05917089738582975
310,0.1018179125476693
1261,0.0
2239,0.33696506795462206
942,0.08075587498990551
1735,0.1881561947291178
1826,0.025311970030627483
212,0.007292483272866493
457,0.0
1778,0.038868159203980096
371,0.17881090746535538
2957,0.11509466536226046
386,0.7026825941388005
1033,0.0
1277,0.0
1102,0.5501509040684047
649,0.04599604434018675
2478,0.07924558205880022
319,0.021789340654551792
1607,0.0
1659,1.5596749518189585
2843,0.0
2142,0.013522284725227174
2940,0.0
1011,0.0
2270,0.0
346,0.024123240812663736
715,0.021622556651098426
1849,0.10547838504478775
2752,0.0
1739,0.0
2690,0.0
1828,0.14555334530105282
762,0.03899851805631386
1899,0.06549646319098769
2301,0.0
1168,0.9583378225884194
1472,0.0
574,0.13974287311347122
349,0.04347944237615153
1333,0.0
537,0.0
972,0.0
2396,0.0
2121,0.6072307903962655
486,0.43878894251864853
1112,1.1352026336701102
153,0.0
17,0.0
692,0.2881582140257219
2538,0.0
271,0.0
2280,0.0
891,0.0
847,0.0
1020,0.19496977968414897
1827,0.011116422290649977
826,0.0
2450,0.0
752,0.3356401937123404
1641,0.08455684526097318
1610,0.0
1856,0.0
560,0.0
1213,0.3408006543372563
505,0.14788888615020582
229,0.0
1407,0.0
1021,0.0
1219,0.8196543276491011
1114,0.45278137128072443
1687,0.0
306,0.13683466068079086
843,0.0
1319,0.010412761880961307
2829,0.0
1018,0.0
2421,0.0
1818,0.012915780500615653
1561,0.0
1122,0.0
2880,0.0
2351,0.0
1603,0.0
639,0.0
2568,0.039276526384006596
5,0.09863878477017163
253,0.0
200,0.0
1696,0.013079418227477243
2703,0.01819074818547287
795,0.0
1060,0.19693568080664856
1212,0.0
1774,0.0
2656,0.0
1045,0.015236470014627012
2712,0.3925307015084394
1772,0.15039855617386072
1713,0.1679386464145099
2025,0.0
2787,0.4425757911042266
1240,0.0
2938,0.0
300,0.5096411869799489
2352,0.0
1393,0.2527614184970806
204,0.0635475268730058
1540,0.0
2236,0.25360796963044563
2622,0.0
480,0.09380863039399624
1485,0.0
2650,0.0
1148,0.4151754710151468
490,0.07726781023025807
1346,0.5823772639916137
163,0.0
676,0.03821169277799007
12,0.04180602006688963
1043,0.0
830,0.0
2111,0.007351292541011023
799,0.04983305925150745
1239,0.0
2526,0.0
814,0.0
2047,0.1360914534567229
99,0.0
185,0.024532652961091212
1715,0.04211324250910699
647,0.12797673894792883
623,0.0
2114,0.08396034488326283
1180,0.09622508972989617
2569,0.0695337760317074
2319,0.0
906,0.0
146,0.0
1379,0.43853237830726505
2256,0.2231943576466387
1099,0.616209946353487
1642,0.023178193955127015
1792,0.09980869999168261
864,0.0
1292,0.1811922449719152
1463,0.0
189,0.01268456035313816
746,0.0
1821,0.23283365405027837
2320,0.0
2300,0.0
2723,0.27078256160303277
2011,0.0
2381,0.0
389,0.0
2436,0.0
282,0.07973527887413787
1823,0.12613839905143923
827,0.0
1894,0.0
653,0.03022791850553171
1280,0.0
1250,0.2237419904410952
348,0.02535047025122316
74,0.009292816652727442
2264,0.18294914013904134
455,0.021130480718436345
2092,0.42603629162779183
887,0.0
1609,0.0
347,0.0
2740,0.1678493831535169
1573,0.0
2017,0.020008003201280513
965,0.039563222028802025
1892,0.0
731,0.0
2023,0.0973070280000973
1311,0.08905690554515548
1220,0.0
195,0.013774294411768757
1908,0.3798762966931281
2058,0.0
1660,0.2875077866692223
1587,0.0
2660,0.1941873260405204
1662,0.9659159511076073
2043,0.08137358613394093
24,0.028017090425159347
2610,0.01737460961424023
757,0.029347889886717146
608,0.04680333239726669
619,0.0
289,0.607362335805114
974,0.11942199753194538
415,1.4247668314281643
732,0.1323486593080812
482,0.10733068584308254
2314,0.0
2344,0.0
1596,0.0
888,0.0
727,0.0
1188,0.0
977,0.0
1673,0.017271157167530225
2904,0.0
1323,0.0
2242,0.0
2722,0.1220802474159681
8,0.6544697307749516
923,0.038940279240742434
1357,0.041237113402061855
433,0.16162922256343948
2668,0.030084235860409144
545,0.0
1850,0.014586402555537727
2356,0.023872045834328
367,0.028021015761821366
2872,0.017602224921230043
1555,0.0
1443,0.013021511537059221
221,0.11591440365259165
498,0.15943877551020408
353,0.05084681126934827
767,0.0
2925,0.0
526,0.1012555690562981
1162,0.8904201417083418
1093,0.0
65,0.4704996706502306
481,0.20630254267883852
244,0.1454730602076628
133,0.24339783375927954
1616,0.0
1914,0.019528770761524417
551,0.0
970,0.0
468,0.0
2598,0.0
94,0.0
996,0.032965765052992466
1969,0.1830052694752593
1650,1.8392856919577827
2090,0.4734676038897185
2813,0.03557705991176889
1604,0.0
1464,0.0986733990592806
2433,0.0
907,0.0
1286,0.0
108,0.0
4,0.0
510,1.5166835187057635
2523,0.0275072894316994
1432,0.021826912583215105
2261,0.051676915921657796
120,0.0
1952,0.028480291638186377
898,0.05986948452373825
1471,0.0
562,0.0
2864,0.0
1363,1.0781977074111906
218,0.020659663040895802
1927,0.0
1345,0.4035919685198265
1905,0.022290745625441172
1245,0.17572817361943555
810,0.0
322,0.0
563,0.0
1784,0.06796248470844093
580,0.34538643428358884
158,0.0
1903,0.07385251652450057
1244,0.2786250586579071
1109,0.04093327875562833
2076,0.06528058333743902
2249,0.02185601258906325
820,0.0
1229,0.0
422,0.0
178,0.0
2958,0.07969153246816936
1010,0.0306063110213326
69,0.020207939699507935
293,0.32467317338210055
1825,0.14900908955446282
1211,0.07188896672611528
728,0.0
1058,0.1729763729999607
1424,0.061274509803921566
724,1.0262199189286263
644,0.0
654,0.059378896740098566
884,0.0
1352,0.03503485968538696
1134,0.23436238674654664
2849,0.003491388490288703
36,0.09707265281359018
1788,0.2960331557134399
2793,0.0
1904,0.051607575992155645
1544,0.0
2756,0.0
2867,0.04283205551034394
1314,0.0
765,0.20042490078967412
1832,0.022053148086889404
1179,0.016351357980280264
2101,0.3773613819471847
2466,0.0
2751,0.0
1538,0.008418146155853557
35,0.03865780114427091
1419,0.0
1455,0.04588839941262849
899,0.08368200836820083
1811,0.1323276432446738
825,0.0
1025,0.0
1070,0.02990162365816464
1504,0.1252561488243458
1912,0.2922666250998578
67,0.013720338343543552
690,0.049771053155484773
1663,1.6270447813613778
525,1.3617793917385383
2831,0.0
819,0.0
583,0.0
1008,0.0
1452,0.0
573,0.0
955,0.2095996646405366
1192,0.05577711464985916
1358,0.07360518180479905
2757,0.012176411854954583
2329,0.0
1615,0.048386316349736294
531,0.011223573585829727
142,0.0
2936,0.1004193986650127
1536,0.11405109489051095
84,0.4060089321965083
1647,0.4851324648278963
1605,0.005421258924747505
2877,0.03565253043834786
1160,0.5106183801341082
10,0.02264851765451951
2627,0.02759381898454746
1842,0.0
990,0.0
981,0.0
2844,0.10919925744504938
2735,0.0
527,0.33200531208499334
1948,0.26359887782192015
2551,0.0
1728,0.15807400895175278
1176,0.0
73,0.0
2067,0.0
2909,0.0
905,0.0
2961,0.0
1088,0.6834686031610423
564,0.1277866195792335
779,0.021497054903478224
2875,0.0
2839,0.04746985664103295
1698,0.0
501,0.24878716258241074
1817,0.03190946221919673
262,0.0
544,0.04190412336573919
524,0.05765793469277931
1930,0.035229874933943986
2673,0.0
1438,0.0
705,0.21730469740320887
668,0.36252462146387443
1343,0.28723709826700283
261,0.13935340022296544
2882,0.0
1954,0.0
2937,0.049060491586125694
2646,0.0
1354,0.027472376525403706
2481,0.0
854,0.0
2919,0.040563164221814135
2817,0.0
1395,0.07900454276120877
751,0.1210214207914801
924,0.0
2110,0.033146607444728034
1130,0.3526981407769436
2780,0.0
2565,0.0
1732,0.0
855,0.0
399,0.1208500940904304
2846,0.1460300085531862
1705,0.04956936613173059
2807,0.04220449633376204
2422,0.0
1353,0.05304195618734419
280,0.0
2702,0.0
2564,0.13679142044210987
2579,0.0
673,0.09936900680677696
338,0.0
2347,0.06979341150195421
2293,0.0
1017,0.0
1931,0.022783195115282966
758,0.0
1959,0.0
2672,0.02806544862619629
2851,0.032828863136469585
790,0.0
1302,0.09122422915526364
2652,0.0
1125,0.0
2685,0.0361755236407047
1249,0.05301664722722935
938,0.04734400151500805
60,0.025053865811494713
703,0.0
2586,0.34560221185415585
2969,0.0
2431,0.019876764062810574
2384,0.010245376773730854
1034,0.22445429549408003
1227,0.11964982484595085
234,0.8488540470365007
962,0.0
2854,0.2664588022875687
834,0.0
2765,0.0
523,0.0333667000333667
1977,0.2826032748732441
308,0.20000216218553715
1038,0.0
1574,0.0
1656,0.7499750544778017
2545,0.0
745,0.06610259122157588
2845,0.0
187,0.0
704,0.0
1433,0.012697928967785354
256,0.01775883502042266
2978,0.0
2931,0.0
1816,0.10133560325084615
1057,1.5028554253080855
836,0.0
831,0.13341433978374562
31,0.4858496295396575
2796,0.2069108214359611
2441,0.11661931215809337
569,0.06013229104028864
686,0.17355838070030807
1185,0.03871991946256752
2105,0.4277682718161819
1984,0.0
1621,0.12322737422181913
275,0.0
2923,0.0
614,0.04569130951293064
2929,0.0
232,0.17480480130520917
2244,0.0678453668398985
1097,1.0457764890431145
650,0.24515530971925886
2245,0.06887052341597796
2950,0.010674352200250847
2010,0.04008176680428073
2099,0.26468619116570913
2359,0.0
2649,0.0
2434,0.0
374,0.0
1315,0.030064789621634624
2133,0.0
1283,0.0
961,0.0
688,0.1223166778790288
2447,0.1845796856871638
584,0.0
1062,0.0
143,0.0
311,0.08983111749910169
2791,0.0
1121,0.06552918915819565
2426,0.0
998,0.0
2588,0.0
815,0.061542248753769464
1258,0.0
2584,0.023931460297707367
2602,0.0
2809,0.05514503143266792
869,0.028394570958032824
1271,0.0
2143,0.0
1364,0.48443744701465424
316,0.060215380909822716
339,0.16190835986831453
2700,0.0
1120,0.01824451296272646
372,0.6468305304010349
2861,0.0
2474,0.0
915,0.0
2131,0.38346498964644526
2483,0.0
786,0.09292336919487063
1300,0.0
2248,0.0
1928,0.0
557,0.0
1147,0.7222824124232575
2312,0.18031013342949873
1306,0.0
419,0.016079755587715065
1366,0.09073333472923079
1500,0.0
625,0.0
2942,0.007383997400832915
1525,0.0
1411,0.04331254331254331
2315,0.0
1872,0.06431902235086026
461,0.030344409042633896
1576,0.0
2258,0.048193545277835786
2991,0.0
761,0.18162005085361424
1937,0.0
1165,0.3966409469802609
2691,0.07684623069238454
1501,0.0
603,0.10867990146355601
340,0.18994314368565676
2152,0.14789617688382756
219,0.015645534764378247
159,0.0
1426,0.0
1678,0.0
420,0.0
2288,0.0
1847,0.2529724260055654
2648,0.005686454580865649
2377,0.0
1855,0.0
1491,0.054042369217466496
2974,0.00584726932522512
1953,0.0
2149,0.019291425925747303
507,0.08437394532568343
1861,0.0
1692,0.0
1935,0.01615691596788005
2402,0.0
1477,0.0
243,0.08752071323546573
1230,0.11521533746572343
2699,0.0
1467,0.0
991,0.0
818,0.07503564192991671
912,0.0
518,0.0
711,0.29313950343819606
106,0.0
519,0.04905327185323261
102,0.09176837661741764
571,0.0
741,0.05782686636211184
496,0.0
254,0.18096178604112487
268,0.054253472222222224
445,0.10640561821664184
2733,0.026774478567029907
2039,0.052291683007817606
1760,0.0
1372,0.05475151935466209
2918,0.0
401,0.16779742754652416
1312,0.0
206,0.0396239124651168
222,0.0
245,0.11346826250672405
1835,0.015716845314808412
2595,0.0
1367,0.18261504747991233
540,0.0
2458,0.0
2537,0.023342534182223495
92,0.1385850657268546
2106,0.0
205,0.06669928850104266
2663,0.0
1945,0.09489466691971911
739,0.1218742036628738
2979,0.0
21,0.0
1365,0.2976570140749245
2269,0.12887013112535842
840,0.0
1890,0.01476145488899386
2636,0.028232686745988753
1955,0.049056881454045964
667,0.17849959104944438
2801,0.0
2311,0.0
880,0.0
748,0.0
875,0.0
403,0.24127039831549393
132,0.14965579167913798
1932,0.017092848352249418
226,0.16801206561066526
2558,0.16264817248513397
1316,0.0
2399,0.0
1812,0.021974641263981364
131,0.0
1700,0.013014055179593961
1016,0.0
2859,0.0
957,0.0
1694,0.0
398,1.0391409767925182
6,0.3048780487804878
2391,0.021571715167072934
161,0.11516756881262237
2609,0.0
2873,0.07204052002172298
1484,0.0
1428,0.02258075442300527
1655,0.9871216184455547
1923,0.0
1941,0.4349858920351059
536,0.0
341,0.013889776291263053
440,0.05801305293691081
971,0.0
1873,0.0
774,0.0
423,0.03851486673856108
2944,0.06479201762342879
1224,0.0
286,0.0
2710,0.08320040395230609
2444,0.0
2372,0.054094990803851564
2317,0.0
1465,0.0
794,0.1865671641791045
2892,0.0
434,0.28251779862131315
2862,0.0
1624,0.17872036220660073
1773,0.03523235739703343
605,0.7283321194464676
2298,0.0
2525,0.049556469597105905
2575,0.0
1362,0.07170424109496594
2632,0.0
2279,0.1220519753642782
904,0.062266500622665005
125,0.0
2727,0.017795177506895632
112,0.0
2811,0.0
1980,0.3137050866132093
1968,0.02056470685010385
1819,0.45741004269160396
750,0.0639386189258312
2783,0.14102232639831114
2539,0.0
1071,0.34729112919230004
2348,0.0167579977544283
791,0.0
126,0.0
1144,0.0
2878,0.0
1394,0.06282788301448183
499,0.0
1508,0.31369907343199993
1960,0.30688590595788295
1601,0.0
1269,0.015410932515526514
34,0.03819636752544833
274,0.07162938953852765
2669,0.0
305,0.015079190884126471
2150,0.09751150635775022
1208,0.16370424938453498
2429,0.0
2463,0.0
332,0.13997760358342665
2585,0.06926406926406926
2747,0.19634278832938465
71,0.017084379751593118
2883,0.04204330460374185
2830,0.10655931802036467
626,0.0
1049,0.0
2066,0.0
179,0.0
2071,0.0
2684,0.0701655907942745
1669,0.14955507365587378
281,0.06450156416293096
949,0.0
1533,0.0
2623,0.0
1039,0.0
2265,0.05242189138184106
2603,0.12147716229348883
2361,0.0749288176232579
565,0.0
124,0.04599604434018675
1549,0.012489306031710348
38,0.02164806736878565
2308,0.0
2048,0.05706706150903819
1806,0.03254572674607824
1863,0.30349013657056145
601,0.0
828,0.0
2943,0.02473166147301776
1719,0.0
2532,0.0
914,0.0
2782,0.0
685,0.10215995329830706
2072,0.06282640279577492
2140,0.09854505268640852
2286,0.0
463,0.03372681281618887
753,0.03578713810256594
2116,0.02739275735495535
2850,0.0
1375,0.0
388,0.01862995323881737
2364,0.0
2415,0.0
917,0.0
2335,0.022839915035516068
1777,0.3054532387027221
1578,0.0
1005,0.010826260176684565
1449,0.06797403391904293
2234,0.5376648367196786
390,0.16085200768703278
1858,0.0
2905,0.0
1445,0.0
783,0.0
2243,0.06358795008345919
1648,0.39974070872947276
722,0.3786922494319616
2981,0.0
1004,0.37457859907603946
1702,0.023448674759064866
1543,0.0
2349,0.060642200907611604
1829,0.04185530620644432
1783,0.04680223714693563
1009,0.0
1585,0.0
1489,0.02350618212589911
2896,0.0
2593,0.02935327399079775
1437,0.0
1169,0.8183242880192693
227,0.11988251513516754
624,0.0
436,0.33048382832466733
1841,0.0
934,0.0
2775,0.0
2970,0.029478307650357794
1279,0.0
2953,0.0
1348,0.0
7,0.026252001715130778
677,0.06201550387596899
1518,0.0
1557,0.0
2400,0.06341717083317479
1526,0.01958748751297671
737,0.5830511515260243
1680,0.041731001961357095
1949,0.0
2975,0.0
1194,0.05463187223426147
465,0.1857786447447866
881,0.0
2784,0.0
872,0.0
742,0.0
397,0.10209691353176785
109,0.0849725963376811
669,0.0
172,0.0
2857,0.0
408,0.3097208088137693
776,0.0
383,0.10496208244771577
816,0.045454545454545456
665,0.025999012037542575
2895,0.0
664,0.13728478849342265
672,0.06564264145989235
638,0.0
2292,0.0
2577,0.1369633699076258
2541,0.0
2670,0.011702339297625595
2946,0.24889237619449883
2876,0.030668261416260313
2507,0.0
2587,0.0
538,0.22122914915269237
2357,0.020389438270975634
2310,0.0
640,0.0
2061,0.0
675,0.27266530334015
1569,0.0
1086,1.2301601509951254
2980,0.0
2911,0.06648052120728626
823,0.0
1519,0.0
2701,0.11765397964586152
1252,0.05976214665630789
1594,0.0
453,0.05263157894736842
75,0.0
1809,0.028340654669122858
954,0.0966162830642391
180,0.013073209975864843
878,0.059017941454202076
2519,0.013475212346887899
1065,0.20437359493153484
2989,0.0
984,0.06580246101204185
2378,0.0
1852,0.026636123911248435
2567,0.015710487142930083
807,0.046277932037551234
2446,0.0
45,0.26224693171089897
2343,0.0
2353,0.0
191,0.0
1768,0.0
1756,0.0
1988,0.021190032208848956
793,0.0
618,0.027963423841615168
325,0.14438348252959862
2688,0.03679243547526628
1956,0.0
1925,0.013170025023047543
1233,0.07511737089201878
2956,0.08647702763195377
2122,0.45073469755701795
2834,0.0
1444,0.0
2251,0.10621348911311737
2328,0.0
312,0.02836758719487114
2485,0.0
2645,0.018198362147406732
700,0.05518763796909492
1019,0.0
287,1.131568101222369
1704,0.04207337596768765
2339,0.03568879371877231
2986,0.01010345942450695
1938,0.03982499758205372
1942,0.11257965010244748
796,0.0
1072,0.04448002846721822
999,0.0
1633,0.0
1886,0.06452237313288382
181,0.0
2948,0.0
342,0.03728746146962315
631,0.0
2341,0.0
2453,0.058975060626362326
2779,0.0951052498097895
478,0.06095925483406891
1446,0.0
1579,0.5681172594023406
2412,0.21373344233738892
2535,0.0
1723,0.060661207158022444
2051,0.0
1917,0.0
1934,0.03041038818860523
2035,0.06415396952686447
1274,0.04748789058790009
418,0.0
118,0.024037305898754868
1012,0.0
2730,0.0
2643,0.0
1410,0.0
504,0.6299496040316774
643,0.09344047841524948
852,0.0
2737,0.6020469596628537
307,0.0
176,0.0
578,0.0
890,0.0
2847,0.05635105541640515
327,0.07588404917286386
1547,1.2363486503193901
358,0.015731866074624106
2254,0.018674485051074715
1962,0.3848431024274719
2704,0.06499415052645262
2138,0.37544919814778394
598,0.0
2350,0.0
1337,0.0
495,0.03840983291722681
2079,0.0
798,0.0
2566,0.0
2232,0.2807257370576281
613,0.0
759,0.2891844997108155
1076,0.939981707218737
2836,0.03768654841465253
1266,0.2658118989914784
248,0.033461602810774635
2772,0.0
2322,0.0
674,0.13173494928204452
1598,0.0
2624,0.0
1231,0.0
1620,0.04091653027823241
2486,0.0
238,0.0
1898,0.015193412136497615
1866,0.0
2425,0.05688888888888889
114,0.0
239,0.1707067258449983
1708,0.0
2614,0.05467806848284188
1900,0.1036960225168506
2601,0.018365472910927456
2840,0.0453802868034126
1127,0.0
491,0.19098548510313215
2093,0.0
944,0.04954419342053112
2370,0.0
1299,0.0
2027,0.0
1260,0.03982318505834097
429,0.03245067497403946
1999,0.09775990168147031
851,0.13653341655370152
1186,0.03810394756896814
612,0.15635382871438064
2323,0.0
1327,0.0
1797,0.0
416,0.09633182184117635
2778,0.0
1322,0.037675189631787814
2841,0.0
1572,0.0
1881,0.0
215,0.026869080405723115
2148,0.02531773760696744
479,0.07326812470234824
1329,0.0
1196,0.5578875967087089
1583,0.0
2469,0.07388798581350672
33,0.05810912894415713
137,0.0
718,0.06806564250563243
1198,0.06624271330153683
2134,0.5314838569980348
2945,0.0
1090,0.09956955316248219
1754,0.1610241133609758
1218,0.0
426,0.04648961168495258
2432,0.0
506,0.1487707814185294
824,0.6289454680984882
224,0.09981488875176944
494,0.1815431164901664
23,0.07830853563038372
2547,0.08043758043758044
1612,0.0
2503,0.0
940,0.0
2898,0.0
2738,0.0
2767,0.05598289162831838
959,0.041857934171422195
1636,0.0
2559,0.17015484090522376
1967,0.018113645008785116
760,0.2412157272654177
1030,0.0
908,0.0
2777,0.016407160084660945
2826,0.0
2376,0.010746009469383545
725,0.04797313504437515
707,0.0
267,0.8403949856432523
2299,0.0
943,0.06082123877658078
622,0.1323446557337377
2921,0.10865628395508874
1158,0.37017426304864276
78,0.0
1216,0.12027778939882024
661,0.14381763923345198
2856,0.051228195999077894
2022,0.0
1717,0.016172593922339204
1758,0.0
2040,0.05503653049711746
2098,0.0
1658,0.9490551831543536
2019,0.021145672538115074
9,0.0
121,0.01008532182261936
2498,0.0
1958,0.4303963089212547
488,3.0733206497877945
1029,0.03424540255470703
1511,0.0
517,0.336322869955157
2366,0.03537944454272068
1665,1.0777186398056324
1689,0.013328357413232393
2418,0.0
2104,0.0
2294,0.050530570995452245
2802,0.24126775237155235
51,0.008397081174583714
1499,0.0
2241,0.0
1767,0.012190810566994599
1548,0.0
1972,0.010848810970317653
945,0.06350550381033022
2922,0.0
1265,0.017882049998211795
1591,0.05684240443370755
2561,0.0
844,0.0568101121999716
2994,0.04332567913002036
2075,0.0
2732,0.0
2611,0.0
2951,0.11217427395201185
323,0.0
2070,0.005268551227440722
2837,0.0
2272,0.02596053997923157
171,0.04799751372878885
2250,0.8605341246290801
1003,0.0741042647004335
329,0.0
1926,0.0
804,0.0
139,0.0
947,0.0
272,0.11142061281337047
1840,0.0
873,0.0
1184,0.12640626975097966
587,0.0
1079,0.0906162730350685
1975,0.0
1564,0.36900369003690037
2719,0.5858230814294083
874,0.0
452,0.0
556,0.0
641,0.0
812,0.27887335165929644
1027,0.0
1839,0.013898927002835381
1957,0.027752338134487832
472,0.0
2470,0.0
1798,0.2569637167231987
976,0.22795486493674252
902,0.0
2325,0.0
800,0.0
450,0.11516756881262237
1730,0.866603307754136
392,0.07711289327575571
1961,0.024392028685025734
1084,0.19686589495235846
1503,0.0
1344,0.2770850651149903
2489,0.048765518734285015
566,0.0
2952,0.0
3,0.044642857142857144
502,0.06298815822625346
2572,0.05103082261686059
2982,0.10118641066504769
83,0.007888301648655045
1370,0.0876411387505295
913,0.0
1002,0.0
656,0.0
1486,0.0
1531,0.0
952,0.0
579,0.0
2403,0.0
2427,0.0
1815,0.07333797807194456
1882,0.0
1993,0.0
1139,0.3681076299212131
2871,0.5922106876611162
543,0.0
2385,0.03499562554680665
1135,0.26918355300562147
1532,0.0
1766,0.0851700088009009
2574,0.4188969048173144
438,0.4791566842357451
2123,0.08122157244964262
1386,0.5493562231759657
2916,0.11524388487135902
522,0.0
1524,0.024496895018556397
2471,0.0
1860,0.0
2509,0.0
539,0.0
568,0.0
2139,0.0
22,0.0
164,0.10223380872054388
1416,0.0
1600,0.029973323741869735
1786,0.1346024420728776
1830,0.044556330340633145
2365,0.0
2774,0.6685329879246229
337,0.0
1420,0.0
2253,0.0
1047,0.0
1868,0.0
151,0.0
520,0.0
1897,0.26668581334044494
466,0.0
2941,0.012646381870146951
1334,0.47969299648225133
2696,0.012698896465897114
317,0.03569293369145243
173,0.0
2563,0.0
911,0.0
2893,0.0
1913,0.026202017555351762
230,0.0
2741,0.388651379712398
2393,0.0
2494,0.03944928794035268
549,0.0
775,0.0
1215,0.020352919626320395
1593,0.0
80,0.0
2003,0.0164168568285916
1693,0.06413956769931371
1726,0.17582793573251343
443,0.06949874033533142
157,0.0
484,0.09034239768723462
2464,0.0
1992,0.02054442732408834
770,0.0
1481,0.0
1566,0.0
809,0.0
2291,0.0
1677,0.0
1247,0.32371086906847435
2275,0.008004034033152708
968,0.0
2954,0.0
729,0.058964350153896956
1214,0.0
198,0.025110107822802992
555,0.0
2805,0.0
2522,0.011548157549203813
1763,0.029251740478558476
1575,0.18610710463871957
2137,0.6224205214444701
1688,0.1515370680332555
648,0.0
2607,0.0
2903,0.17524534348087323
1922,0.029762790559242833
1895,0.29221822857309837
345,0.011650666418119116
1671,0.0
328,0.030621732521950214
1994,0.0
487,0.05928736586233474
2281,0.2940599882376005
730,0.0
258,0.05420549016027708
402,0.255261875478616
973,0.0
2345,0.0
503,2.787132737196609
1748,0.20716801325875284
1470,0.08307717869901138
2012,0.0
706,0.614498319731157
2583,0.4692632566870014
1666,0.07809035201067922
304,0.07211885186787827
30,0.0
277,0.2331636420160883
2529,0.031090338159244713
362,0.0
1083,0.0
713,0.509098201957714
52,0.0
1762,0.030129557095510694
2773,0.0
2992,0.0
446,0.0426003237624606
1683,0.12116806009935781
2410,0.0
1864,0.0
1073,0.3665017408832692
1506,0.014994302165177232
1126,0.0
1450,0.1350438892640108
1722,0.20472097339435455
2748,0.15051740357478832
2100,0.024569269985565554
2262,0.05230323088680128
2869,0.0
2046,0.1955512099731117
1053,0.38501026694045176
1851,0.11049045485237248
1189,0.06502584777449036
2640,0.0
756,0.08287407284631003
326,0.026196526340607235
1820,0.010117207852976736
2032,0.05425306151287816
2290,0.0
2562,0.17382235355466713
41,0.0
1048,0.0
2798,0.11372682815876266
2894,0.0
1902,0.039228198275005365
1142,0.06250390649415588
1177,0.06648494116082707
2881,0.0
1007,0.03206053028117085
1318,0.006785135125966034
1534,0.0
1210,0.11220825852782765
1221,0.1503397678753984
2549,0.0
1589,0.0
444,0.10291440737381728
1804,0.09374614530652522
2789,0.010630042626470932
430,0.0
1361,0.029034599564481005
297,0.18235940894097455
1668,0.030917157476541605
76,0.0
116,0.0
2766,0.08932160242954759
2501,0.08582674835005476
1966,0.0
122,0.0
532,0.0
136,0.0
2848,0.02209456473707468
1178,0.0
2853,0.0
553,0.0
1141,0.3653182913010904
1625,0.0
1118,0.10900779065053806
2068,0.011442564049752269
1983,0.0
2819,0.27244312130653814
1264,0.0
980,0.01812316502954076
867,0.0
1436,0.0762238695047354
1990,0.02076886332011049
866,0.12504689258471927
1559,0.0
2934,0.023493756534201035
1644,0.33153875424313095
2930,0.0
948,0.0
1836,0.0
82,0.16708903060514077
2714,0.0
2031,0.0
1325,0.0
1374,0.5974746737124421
1015,0.0
421,0.04422430567840085
1336,0.007334120528936772
1024,0.0
1287,0.0
2750,0.0
2419,0.0
2618,0.008461024291600741
1936,0.03470505045246709
927,0.0
1550,0.15867474850052363
2237,0.0
241,0.03230704616676897
2734,0.21510927551196007
2616,0.0
2527,0.0
1273,0.0
1709,0.39153201370021584
404,0.038887556630004344
2744,0.0
1480,0.0
1853,0.0
561,0.08492208398794106
1720,0.06326411185094975
1092,0.04952456418383518
199,0.022892084171649934
2675,0.0
216,0.008000928107660489
755,0.0
2838,0.015265544140320882
2064,0.0
1622,0.0
766,0.0
995,0.0
2707,0.0
2761,0.0
2890,0.0
2658,0.0
2988,0.0
2679,0.0
2753,0.0
88,0.09479571523367143
918,0.0
789,0.06344775077723494
1388,0.18984337921214997
1552,0.0
2036,0.12202562538133008
1151,0.0
251,0.3479067609880552
592,0.07539203860072376
2516,0.040011756645942136
2680,0.0
1492,0.0
1779,0.030090572623597028
2681,0.017043905099536405
1425,0.0
1831,0.07585469275056701
1087,0.20067972163780548
1095,0.8131772537302142
1042,0.0
296,0.2520302436292355
509,0.0713938943941514
2327,0.0
439,0.06772085463718552
448,0.06653802648213454
1078,0.0
2717,0.024574251099697738
533,0.03588366515755919
207,0.04118725586586241
1454,0.0
53,0.10031096398836392
1880,0.0
689,0.3518648838845883
1347,0.24160425223483933
2528,0.02742806988672207
141,0.0
514,0.9536524890329964
1023,0.0
1276,0.0
2386,0.02968856693287415
2693,0.0
2127,0.06158502252252252
2581,0.008281230590865803
1234,0.0
892,0.09036825062128172
138,0.0
941,0.0
2240,0.03990383176544528
719,0.2347050539821624
135,0.5230516326683106
2438,0.029203710482470474
764,0.0
1296,0.0
1570,0.03704487722269263
694,0.2665971898232582
156,0.008235807644476656
2768,0.020485422573296844
1976,0.05599272955942336
2475,0.17304031839418585
1685,0.0
986,0.0
1341,0.27225701061802343
1149,0.43769547831977723
1523,0.0
2449,0.0
1468,0.10147133434804667
391,0.0
2788,0.0786771744404086
2135,0.0
2119,0.0
295,0.07690532953933707
247,0.0
2014,0.0
2081,0.0
2828,0.020548437805015873
604,0.17415837963043593
2423,0.0
723,0.0
2078,0.0
413,0.04829751267809708
1110,0.6225580696406338
2084,0.03772873042822109
2112,0.030665204958563643
2677,0.0
2655,0.0
1749,0.3734536684042636
1054,0.49327354260089684
2554,0.042518814575449634
1738,0.16736401673640167
2077,0.10559166529788581
2368,0.0
876,0.0
193,0.014557894928393354
2769,0.5112910097997444
2949,0.0
449,0.06480881399870382
2044,0.07285266762184608
1750,0.16340670294295473
492,0.07174630506528913
2497,0.0
576,0.028573741683850597
1259,0.0
49,0.09493520672141263
629,0.017358298423866502
1909,0.0
119,0.0
1206,0.3189665483832383
2990,0.0
1867,0.171939477303989
435,0.10886189736586543
1350,0.1547508511296812
260,0.0
2644,0.0
2318,0.0
709,0.05085176709890669
919,0.013567968739400025
2634,0.0
2536,0.0
609,0.0
659,0.0
1875,0.0
979,0.0
1682,0.0
1289,0.03509510774198077
1802,0.028021408355983973
1586,0.0
642,0.0
939,0.04412478489167365
1891,0.0
1096,0.09744689144416294
2746,0.08118420696560495
2153,0.031230968628492013
671,0.5074702607501604
1332,0.061728156912974876
462,0.380430647492962
2657,0.0
361,0.40732275802765266
255,0.27921262041044254
2309,0.0
2647,0.0
1965,0.13605673565876972
1674,0.0
2042,0.05435727952687424
2089,0.07661308858005302
1896,0.0
186,0.006606503441988293
2055,0.021630715616174967
168,0.012702122524673874
1462,0.05794594980097795
2985,0.1182033096926714
591,0.09338812103100486
1360,0.21126463007563273
2037,0.01218917601170161
100,0.0
2231,0.02055540709983761
1197,0.03946797174093224
1764,0.015437876057012077
1075,0.5030813734121494
1736,1.3171832542716344
2504,0.0
585,0.0
554,0.0
2698,0.0
886,0.0
1657,1.074402907160258
1985,0.0
733,0.12071948814937025
1631,0.09232718176645517
1640,0.18436101120397444
575,0.0
1877,0.0
1275,0.0
542,0.026845757699139595
777,0.0
951,0.46977763858440336
2617,0.0
2451,0.13914011409489355
680,0.04626844954425577
1995,0.1171587927673972
1933,0.0
1203,0.03208624783417827
1794,0.08244795472857759
1539,0.0
2506,0.09603380389897244
1838,0.0
2556,0.0
1558,0.0
1001,0.040577828274630745
2018,0.0572737686139748
720,0.19966911974442353
1813,0.057592049006262906
2331,0.01307497188881044
2917,0.01743435963597057
841,0.0
2594,0.0
477,0.26571011026969577
2887,0.040254407857660414
1681,0.7884908009406557
646,0.0
1611,0.0
1822,0.0
1418,0.07080147267063155
1307,0.0
2332,0.06117704637220115
313,0.16004694710448397
2346,0.0
1714,0.05216393385613187
2619,0.05765798086555841
2413,0.03247754989363602
2521,0.0
1888,0.0
394,0.0
2246,0.024636306524925784
2307,0.0
1080,0.6115272894052897
1651,0.31570855981990886
2901,0.0
797,0.0
167,0.021100518650748436
2578,0.04035105417129022
2683,0.01719986240110079
617,0.0
630,0.0
2591,0.17551484354105376
1390,0.0585171747908011
2824,0.0
2021,0.13082155939298795
1349,0.5767751858497822
1495,0.0
1098,1.7830678028899591
2810,0.0
1628,0.0
2770,0.08232485387338437
1940,0.15833982311179762
273,0.0
1429,0.0
201,0.10037710781725491
2460,0.0
1061,0.0
721,0.7137249304118193
1201,0.48088482808367394
1031,0.03094873342308466
1919,0.0
1132,0.038791828501326196
1494,0.01922559310954743
2995,0.0
1166,0.7939486497299212
407,0.0
2600,0.0
1406,0.5001136621959537
1131,0.0
1528,0.0
1846,0.0
1342,0.0
1707,0.0
2626,0.06519258977562883
2375,0.0
2860,0.0
2715,0.09641527989355753
1145,0.12600607979335002
1771,0.012606207296472783
2091,0.020757223513782796
1383,0.05641589800005642
1599,0.0
1105,0.3512848920474505
1430,0.0
1488,0.0
1253,0.0
393,0.048410242224104845
2818,0.08845643520566121
1741,0.0
105,0.0
528,0.8867431893196709
1884,0.0
1691,0.179265013444876
91,0.3802797772647019
1652,1.4895105619167501
747,0.011051311238078398
778,0.17088174982911825
633,0.0
2496,0.05077057033120182
1382,0.2832288084159417
1281,0.04433803316484881
2304,0.0
1356,0.12840267077555212
2718,0.0
975,0.4823538869684058
471,0.0
1577,0.0
833,0.4278303652601743
0,0.07194115213755148
86,0.0
2405,0.0
2821,0.0
857,0.038298035310788556
1320,0.0
2379,0.0
1496,0.0
467,0.04746535029428517
1929,0.023224487900041803
427,0.043434826043521696
128,0.0
2128,0.02440929505955868
412,0.11288805268109126
1461,0.0
2445,0.0
2967,0.0
1439,0.0
1505,0.0
2897,0.0
483,0.0
2062,0.0
508,0.0
2255,0.0739316871211001
772,0.05368551028077522
382,0.4512344485270418
70,0.0
1115,0.14150275930380643
1978,0.4052877111592091
2620,0.0
1916,0.01925768060494794
395,0.08067769261799113
2482,0.02910144063771733
1697,0.384218392339076
1474,0.0
1943,0.5835169524738506
2302,0.0
154,0.05857186513191403
2754,0.10814796608086519
607,0.045772874994278394
1498,0.0
2790,0.010008006405124099
2284,0.10591537361648043
1527,0.008938467589116521
50,0.08415905174895798
2057,0.0
1635,0.02614618331089119
2781,0.08714596949891068
2389,0.0
1123,0.0
98,0.0
734,0.2103565543596396
456,0.7391479639833356
1181,0.0
590,0.02923292797006548
1117,0.0
2028,0.0877680582779907
410,0.03986763943706893
964,0.0
701,0.02267008229239872
61,1.2593525446329357
1183,0.04584842510659759
405,0.17480480130520917
162,0.0
1805,0.20753346477119436
59,0.31518398865337643
2455,0.0
1035,0.0
320,0.0
2725,0.0
683,0.16554560345728925
1369,0.08901548869503294
658,0.0
2267,0.5833625014584063
1718,0.0
2358,0.0
515,0.0
530,0.0
2955,0.0
2414,0.2724300762804214
577,0.15308778053335784
547,0.0
129,0.0
2428,0.011482110871262573
2151,0.09126924140999569
1475,0.0
896,0.07375356475562986
14,0.06672449456195369
2326,0.0
627,0.06676681689200467
1869,0.0
1721,0.0423758740024013
1565,0.34855350296270476
1619,0.03609196231999134
111,0.0
684,0.04698696111828968
1146,0.12376390796915804
473,0.025049472708599484
2362,0.03097461630194056
2009,0.0
2653,0.0
331,0.0
160,0.05834646128712294
2625,0.01785108623859762
2987,0.0
1497,0.0
26,0.08163709589637531
2858,0.0
1592,0.08476491862567812
1740,0.0
2629,0.6266378033496639
1653,0.37686226085283125
2330,0.0
2095,0.5937646749814945
2424,0.043153856444381154
2013,0.15851090328570458
909,0.0
1082,0.16479540292476016
893,0.0
1478,0.0
2108,0.14074493769329874
856,0.0
2674,0.22482560824441583
15,0.01926448207439943
593,0.0
2661,0.0
2125,0.3504482477587612
2531,0.0
470,0.14534883720930233
2492,0.0
1246,0.016381894729944467
1351,0.132579105532968
2886,0.0
2136,0.021673638353670432
1242,0.12141226749550775
2487,0.0
2049,0.21220821370615403
1910,0.048134777376654635
1520,0.0
291,0.8686830997411441
2582,0.10053282396702523
2296,0.0
860,0.0
1517,0.0
1340,0.0
1987,0.0
693,0.6248828344685371
228,0.3071182328416882
2297,0.0
983,0.0
1136,0.3186748437746371
2993,0.0
1843,0.07206199026739238
1324,0.0
594,0.0
493,0.24052916416115455
666,0.028061510831743183
1448,0.0
1056,0.10737390277293105
1401,0.4374453193350831
113,0.1448016217781639
1989,0.3105911585050212
2495,0.0
2457,0.1304631441617743
2959,0.0
266,0.26057705974321316
1513,0.03580892358375707
2972,0.019558754498513534
324,0.0
1404,0.07149495960534782
1711,0.0
2825,0.06991866129069849
567,0.015222785465284439
1918,0.11295123254216592
2029,0.0
859,0.0
63,0.0
897,0.0
144,0.0
2367,0.05768676088837612
2900,0.0
58,0.011275228323373548
2816,0.029478524894614274
2,0.04019131063863993
209,0.08576496501179268
946,0.0
252,0.0
396,0.08262869419120279
1313,0.0
1387,0.046635265587837524
1755,0.04806652406931193
548,0.0
967,0.03088516894187411
1235,0.0
2087,0.048632928383149664
2694,0.2947107834675671
2827,0.1695867383170636
1871,0.0
582,0.4997593858345142
2430,0.0
1294,0.20217336365933788
1679,0.0
1398,0.21211157068618094
188,0.1641677348949356
208,0.0035210027815921973
2313,0.0
1979,0.027170959678295838
1326,0.0
935,0.0
2394,0.0
270,0.0
2065,0.0
1529,0.0
290,0.7130475406006811
1638,0.15894154563428514
837,0.0
1551,0.0
2543,0.0
301,0.018521536843041086
1052,0.39054872095293885
314,0.0
2705,0.0
1305,0.0
2440,0.0
2926,0.029107562144645178
926,0.0
651,0.0
2380,0.0
190,0.05391541441698181
717,0.028115950178536284
1921,0.22333060373706543
1285,0.0
2074,0.06630764440651775
1602,0.0
1734,0.5864984022974558
2771,0.0
933,0.0
1182,0.16867673104495234
1510,0.0
1241,0.4716981132075472
521,0.7659900421294523
1399,0.0
1355,0.3065195372887681
437,0.18303421255713637
458,0.0
2511,0.0
1243,0.0
2977,0.0
127,0.0
2713,0.0
1590,0.009455609067298722
210,0.024634568570321615
318,0.0
2480,0.10660980810234541
663,0.014912908613696015
559,0.47020392001583844
1950,0.02066383509508182
2553,0.011584398132595021
2041,0.0
373,0.26771969747674185
1238,0.0722906497208204
910,0.0
1427,0.005555401238854476
117,0.05456132693147097
2642,0.05541701302299806
1308,0.0
2473,0.7199424046076314
2708,0.04156535112330361
2069,0.0
2933,0.048832893837288796
1947,0.024414658561000023
55,0.30803080308030806
662,0.3091100807441753
1138,0.0
2939,0.0
460,0.03438759983150076
602,0.0
883,0.0
2468,0.040438624278002065
1595,0.0
1473,0.0
2088,0.11407917587233637
1223,0.04592949822023194
354,0.02696762536574842
1542,0.0
1973,0.0
46,0.3023888720895071
2316,0.17627906012152886
681,0.34296320206584896
1854,0.0
344,0.03998560518213443
2052,0.0
2369,0.0
652,0.0
441,0.0
2966,0.0
634,0.02943254061690605
2865,0.0
1545,0.0
2406,0.0
2285,0.0
2479,0.049536830633576064
381,0.10583690532888819
1014,0.0
1493,0.0
2306,0.48947626040137054
1752,1.4137898248471494
1217,0.0
1560,0.0
2102,0.025787152840454887
150,0.08342370901810295
1301,0.058445353594389245
784,0.02555061576984005
103,0.0
351,0.016678094249763728
558,0.0
2692,0.0
1389,0.12097018085042037
2665,0.0
1046,0.0
1251,1.2292654112879178
2354,0.024687091120053323
993,0.0
1159,0.2928419919587172
885,0.0
1293,0.0
417,2.8300966136430175
2477,0.058003496890557636
2800,0.026673779674579887
1623,0.019062142584826535
350,0.17093545436864585
687,0.41141152723672875
1785,0.11681542216146418
2759,0.17334026694401108
1974,0.0
925,0.028169172784072022
1670,0.0
2054,0.05428822705508084
464,0.11974613818704347
1793,0.04759185227489054
2034,0.17016207938061004
1412,0.08876461842309655
1081,0.27544707178574457
1402,0.0
511,0.0
1629,0.0
2132,0.6710081051986232
1116,0.018573723753006623
931,0.0
359,0.08096459978575521
451,0.20601565718994644
541,0.0
2571,0.0
385,0.13379119653926771
1800,0.0
2005,0.03600295224208385
202,0.03374486931974886
1396,0.0
678,0.09471490812653911
2276,0.142314075103238
1028,0.0
406,0.0274228048044754
288,1.07875348522511
1537,0.0
269,0.2069108214359611
2238,0.04132207011764984
2613,0.0
1272,0.0
1405,0.0
929,0.0
697,0.41315138705099724
792,0.0
1113,0.0
1667,0.27948574622694244
1377,0.046947254759277954
1554,0.02015519500151164
2687,0.2468221646303838
922,0.0
2792,0.024617202501107775
2866,0.0
1981,0.09117848187827672
2709,0.03709290536363412
754,0.07583110895413735
2462,0.0
2902,0.0
233,0.288737782782566
2513,0.0
1632,0.0
2333,0.061789421651013345
1541,0.0
62,0.03829381889895697
485,0.27511577788986197
2885,0.0
787,0.0
2776,0.06335730351316247
1562,0.09190331770976932
2815,0.034777770049384434
2899,0.0
2749,0.0
1284,0.02333450005833625
2282,0.018240319862249103
2808,0.04999625028122891
365,0.054790717721875014
2439,0.0
1403,0.11657276083155237
1862,0.0
1901,0.02293472776478143
2141,0.0246669955599408
2073,0.0
2797,0.0
44,0.010913486067570848
2621,0.0
2915,0.0
1507,0.2938978579560558
803,0.0
2868,0.0
1172,0.5885616828290439
1469,0.017335228651665917
1701,0.012962602890660445
1434,0.0
1104,0.0
637,0.03321872871925191
2085,0.023423317912982373
1254,0.08761690497522703
1712,0.0
400,0.0
2913,0.0761904761904762
2758,0.07521624670928921
2555,0.0
2971,0.05706176563988568
93,0.044728920378048834
285,0.3786131305578976
1848,0.0
2695,0.013252580940138092
2804,0.08899172376968942
89,0.06370691734696284
2823,0.0
1381,0.14200511218403863
660,0.0
1421,0.0
414,0.8755289654166059
2908,0.049144879103597404
13,0.07532956685499058
77,0.0
1733,0.08368340892734606
982,0.0
1237,0.40543279951348066
581,0.03930431364842291
2124,0.13445235433148875
2544,0.032124385621125
240,0.0
360,0.11650123491309008
1567,0.12653422750854107
2520,0.0
2651,0.0
40,0.18299266199425404
2639,0.029280433350413585
2404,0.06155929699282834
1106,0.49261083743842365
1040,0.0
2063,0.0
1970,0.16238619126878975
1535,0.0505203597049611
740,0.08720296490080663
2030,0.0
1193,0.07879289288106213
1359,0.0949893137022085
534,0.04468408352944681
1303,0.0
